filename,width,height,class,xmin,ymin,xmax,ymax
20200522 Hi5 + p3 C3CD C=1e6_4dpi_1.tif,2080,1544,Dead,551,445,573,470
20200522 Hi5 + p3 C3CD C=1e6_4dpi_1.tif,2080,1544,Dead,173,306,199,330
20200522 Hi5 + p3 C3CD C=1e6_4dpi_1.tif,2080,1544,Dead,404,343,421,360
20200522 Hi5 + p3 C3CD C=1e6_4dpi_1.tif,2080,1544,Dead,365,574,382,597
20200522 Hi5 + p3 C3CD C=1e6_4dpi_1.tif,2080,1544,Dead,632,462,651,492
20200522 Hi5 + p3 C3CD C=1e6_4dpi_1.tif,2080,1544,Dead,715,821,739,848
20200522 Hi5 + p3 C3CD C=1e6_4dpi_1.tif,2080,1544,Dead,1053,1326,1075,1353
20200522 Hi5 + p3 C3CD C=1e6_4dpi_1.tif,2080,1544,Dead,577,658,600,682
20200522 Hi5 + p3 C3CD C=1e6_4dpi_1.tif,2080,1544,Dead,665,545,682,570
20200522 Hi5 + p3 C3CD C=1e6_4dpi_1.tif,2080,1544,Dead,580,731,599,757
20200522 Hi5 + p3 C3CD C=1e6_4dpi_1.tif,2080,1544,Dead,632,742,653,767
20200522 Hi5 + p3 C3CD C=1e6_4dpi_1.tif,2080,1544,Dead,900,177,919,196
20200522 Hi5 + p3 C3CD C=1e6_4dpi_1.tif,2080,1544,Dead,1473,1021,1495,1047
20200522 Hi5 + p3 C3CD C=1e6_4dpi_1.tif,2080,1544,Dead,1454,1147,1475,1172
20200522 Hi5 + p3 C3CD C=1e6_4dpi_1.tif,2080,1544,Dead,1573,1292,1593,1313
20200522 Hi5 + p3 C3CD C=1e6_4dpi_1.tif,2080,1544,Dead,1670,1379,1688,1411
20200522 Hi5 + p3 C3CD C=1e6_4dpi_1.tif,2080,1544,Dead,1639,1348,1656,1367
20200522 Hi5 + p3 C3CD C=1e6_4dpi_1.tif,2080,1544,Dead,1563,597,1587,616
20200522 Hi5 + p3 C3CD C=1e6_4dpi_1.tif,2080,1544,Dead,792,999,812,1021
20200522 Hi5 + p3 C3CD C=1e6_4dpi_1.tif,2080,1544,Dead,224,994,248,1016
20200522 Hi5 + p3 C3CD C=1e6_4dpi_1.tif,2080,1544,Dead,22,1314,48,1340
20200522 Hi5 + p3 C3CD C=1e6_4dpi_1.tif,2080,1544,Dead,187,1130,209,1152
20200522 Hi5 + p3 C3CD C=1e6_4dpi_1.tif,2080,1544,Dead,200,1230,219,1255
20200522 Hi5 + p3 C3CD C=1e6_4dpi_1.tif,2080,1544,Dead,519,323,544,343
20200522 Hi5 + p3 C3CD C=1e6_4dpi_1.tif,2080,1544,Dead,261,64,290,89
20200522 Hi5 + p3 C3CD C=1e6_4dpi_1.tif,2080,1544,Dead,102,206,124,223
20200522 Hi5 + p3 C3CD C=1e6_4dpi_1.tif,2080,1544,Dead,48,77,66,96
20200522 Hi5 + p3 C3CD C=1e6_4dpi_1.tif,2080,1544,Dead,677,258,697,277
20200522 Hi5 + p3 C3CD C=1e6_4dpi_1.tif,2080,1544,Dead,877,1209,899,1230
20200522 Hi5 + p3 C3CD C=1e6_4dpi_1.tif,2080,1544,Dead,1104,65,1126,82
20200522 Hi5 + p3 C3CD C=1e6_4dpi_1.tif,2080,1544,Dead,1321,33,1346,57
20200522 Hi5 + p3 C3CD C=1e6_4dpi_1.tif,2080,1544,Dead,1205,101,1229,118
20200522 Hi5 + p3 C3CD C=1e6_4dpi_1.tif,2080,1544,Dead,1110,165,1129,186
20200522 Hi5 + p3 C3CD C=1e6_4dpi_1.tif,2080,1544,Dead,1497,87,1517,109
20200522 Hi5 + p3 C3CD C=1e6_4dpi_1.tif,2080,1544,Dead,1597,236,1614,255
20200522 Hi5 + p3 C3CD C=1e6_4dpi_1.tif,2080,1544,Dead,1697,650,1717,672
20200522 Hi5 + p3 C3CD C=1e6_4dpi_1.tif,2080,1544,Dead,1721,614,1743,633
20200522 Hi5 + p3 C3CD C=1e6_4dpi_1.tif,2080,1544,Dead,1919,1052,1943,1074
20200522 Hi5 + p3 C3CD C=1e6_4dpi_1.tif,2080,1544,Dead,1777,931,1797,953
20200522 Hi5 + p3 C3CD C=1e6_4dpi_1.tif,2080,1544,Dead,1610,882,1632,904
20200522 Hi5 + p3 C3CD C=1e6_4dpi_1.tif,2080,1544,Dead,1987,735,2009,758
20200522 Hi5 + p3 C3CD C=1e6_4dpi_1.tif,2080,1544,Dead,1883,804,1904,826
20200522 Hi5 + p3 C3CD C=1e6_4dpi_1.tif,2080,1544,Dead,1910,774,1929,799
20200522 Hi5 + p3 C3CD C=1e6_4dpi_1.tif,2080,1544,Dead,1493,589,1512,608
20200522 Hi5 + p3 C3CD C=1e6_4dpi_1.tif,2080,1544,Dead,1241,767,1260,789
20200522 Hi5 + p3 C3CD C=1e6_4dpi_1.tif,2080,1544,Dead,1292,592,1310,608
20200522 Hi5 + p3 C3CD C=1e6_4dpi_1.tif,2080,1544,Dead,761,1130,783,1155
20200522 Hi5 + p3 C3CD C=1e6_4dpi_1.tif,2080,1544,Dead,734,457,758,477
20200522 Hi5 + p3 C3CD C=1e6_4dpi_1.tif,2080,1544,Dead,882,131,902,148
20200522 Hi5 + p3 C3CD C=1e6_4dpi_1.tif,2080,1544,Dead,405,660,426,681
20200522 Hi5 + p3 C3CD C=1e6_4dpi_1.tif,2080,1544,Dead,1324,338,1346,357
20200522 Hi5 + p3 C3CD C=1e6_4dpi_1.tif,2080,1544,Dead,1005,467,1024,487
20200522 Hi5 + p3 C3CD C=1e6_4dpi_1.tif,2080,1544,Dead,1912,887,1932,908
20200522 Hi5 + p3 C3CD C=1e6_4dpi_1.tif,2080,1544,Dead,1938,860,1958,879
20200522 Hi5 + p3 C3CD C=1e6_4dpi_1.tif,2080,1544,Dead,1987,801,2005,823
20200522 Hi5 + p3 C3CD C=1e6_4dpi_1.tif,2080,1544,Dead,1953,828,1973,845
20200522 Hi5 + p3 C3CD C=1e6_4dpi_1.tif,2080,1544,Dead,1973,845,1992,865
20200522 Hi5 + p3 C3CD C=1e6_4dpi_1.tif,2080,1544,Dead,1983,894,2004,914
20200522 Hi5 + p3 C3CD C=1e6_4dpi_1.tif,2080,1544,Dead,1958,1220,1982,1245
20200522 Hi5 + p3 C3CD C=1e6_4dpi_1.tif,2080,1544,Dead,1744,1328,1766,1350
20200522 Hi5 + p3 C3CD C=1e6_4dpi_1.tif,2080,1544,Dead,1190,1209,1214,1228
20200522 Hi5 + p3 C3CD C=1e6_4dpi_1.tif,2080,1544,Dead,1015,1033,1031,1052
20200522 Hi5 + p3 C3CD C=1e6_4dpi_1.tif,2080,1544,Dead,1100,1052,1117,1067
20200522 Hi5 + p3 C3CD C=1e6_4dpi_1.tif,2080,1544,Dead,863,930,883,950
20200522 Hi5 + p3 C3CD C=1e6_4dpi_1.tif,2080,1544,Dead,985,269,1004,292
20200522 Hi5 + p3 C3CD C=1e6_4dpi_1.tif,2080,1544,Dead,1114,1101,1129,1121
20200522 Hi5 + p3 C3CD C=1e6_4dpi_1.tif,2080,1544,Dead,268,1016,287,1040
20200522 Hi5 + p3 C3CD C=1e6_4dpi_1.tif,2080,1544,Dead,763,1425,783,1447
20200522 Hi5 + p3 C3CD C=1e6_4dpi_1.tif,2080,1544,Dead,600,1411,621,1436
20200522 Hi5 + p3 C3CD C=1e6_4dpi_1.tif,2080,1544,Dead,639,1365,663,1389
20200522 Hi5 + p3 C3CD C=1e6_4dpi_1.tif,2080,1544,Dead,638,1404,654,1425
20200522 Hi5 + p3 C3CD C=1e6_4dpi_1.tif,2080,1544,Dead,480,1277,499,1292
20200522 Hi5 + p3 C3CD C=1e6_4dpi_1.tif,2080,1544,Dead,553,1157,573,1177
20200522 Hi5 + p3 C3CD C=1e6_4dpi_1.tif,2080,1544,Dead,307,1282,329,1299
20200522 Hi5 + p3 C3CD C=1e6_4dpi_1.tif,2080,1544,Dead,312,1367,332,1387
20200522 Hi5 + p3 C3CD C=1e6_4dpi_1.tif,2080,1544,Dead,192,1455,214,1475
20200522 Hi5 + p3 C3CD C=1e6_4dpi_1.tif,2080,1544,Dead,434,118,465,145
20200522 Hi5 + p3 C3CD C=1e6_4dpi_1.tif,2080,1544,Dead,1866,679,1885,701
20200522 Hi5 + p3 C3CD C=1e6_4dpi_1.tif,2080,1544,Dead,1527,1277,1554,1297
20200522 Hi5 + p3 C3CD C=1e6_4dpi_1.tif,2080,1544,Dead,1819,1197,1849,1220
20200522 Hi5 + p3 C3CD C=1e6_4dpi_1.tif,2080,1544,Dead,1763,1487,1788,1508
20200522 Hi5 + p3 C3CD C=1e6_4dpi_1.tif,2080,1544,Dead,1732,157,1753,174
20200522 Hi5 + p3 C3CD C=1e6_4dpi_1.tif,2080,1544,Dead,1783,220,1802,238
20200522 Hi5 + p3 C3CD C=1e6_4dpi_1.tif,2080,1544,Dead,1844,155,1861,182
20200522 Hi5 + p3 C3CD C=1e6_4dpi_1.tif,2080,1544,Dead,2000,1192,2021,1216
20200522 Hi5 + p3 C3CD C=1e6_4dpi_1.tif,2080,1544,Dead,671,1257,695,1275
20200522 Hi5 + p3 C3CD C=1e6_4dpi_1.tif,2080,1544,Dead,668,1167,695,1186
20200522 Hi5 + p3 C3CD C=1e6_4dpi_1.tif,2080,1544,Dead,880,1308,897,1325
20200522 Hi5 + p3 C3CD C=1e6_4dpi_1.tif,2080,1544,Dead,936,1272,954,1297
20200522 Hi5 + p3 C3CD C=1e6_4dpi_1.tif,2080,1544,Dead,346,167,360,186
20200522 Hi5 + p3 C3CD C=1e6_4dpi_1.tif,2080,1544,Dead,26,877,46,894
20200522 Hi5 + p3 C3CD C=1e6_4dpi_1.tif,2080,1544,Dead,1348,1345,1366,1364
20200522 Hi5 + p3 C3CD C=1e6_4dpi_1.tif,2080,1544,Dead,904,396,927,411
20200522 Hi5 + p3 C3CD C=1e6_4dpi_1.tif,2080,1544,Dead,1522,1036,1549,1060
20200522 Hi5 + p3 C3CD C=1e6_4dpi_1.tif,2080,1544,Dead,1732,977,1754,994
20200522 Hi5 + p3 C3CD C=1e6_4dpi_1.tif,2080,1544,Dead,1102,1501,1124,1520
20200522 Hi5 + p3 C3CD C=1e6_4dpi_1.tif,2080,1544,Dead,1156,1470,1182,1486
20200522 Hi5 + p3 C3CD C=1e6_4dpi_1.tif,2080,1544,Dead,1188,1391,1212,1411
20200522 Hi5 + p3 C3CD C=1e6_4dpi_1.tif,2080,1544,Dead,1851,997,1870,1016
20200522 Hi5 + p3 C3CD C=1e6_4dpi_1.tif,2080,1544,Dead,1941,350,1961,372
20200522 Hi5 + p3 C3CD C=1e6_4dpi_1.tif,2080,1544,Dead,1373,757,1393,774
20200522 Hi5 + p3 C3CD C=1e6_4dpi_1.tif,2080,1544,Dead,1666,713,1687,735
20200522 Hi5 + p3 C3CD C=1e6_4dpi_1.tif,2080,1544,Dead,100,1387,122,1411
20200522 Hi5 + p3 C3CD C=1e6_4dpi_1.tif,2080,1544,Dead,197,1309,214,1326
20200522 Hi5 + p3 C3CD C=1e6_4dpi_1.tif,2080,1544,Dead,1319,1460,1343,1475
20200522 Hi5 + p3 C3CD C=1e6_4dpi_1.tif,2080,1544,Dead,1675,116,1700,138
20200522 Hi5 + p3 C3CD C=1e6_4dpi_1.tif,2080,1544,Alive,378,233,407,258
20200522 Hi5 + p3 C3CD C=1e6_4dpi_1.tif,2080,1544,Alive,219,414,244,448
20200522 Hi5 + p3 C3CD C=1e6_4dpi_1.tif,2080,1544,Alive,263,464,285,487
20200522 Hi5 + p3 C3CD C=1e6_4dpi_1.tif,2080,1544,Alive,515,720,543,747
20200522 Hi5 + p3 C3CD C=1e6_4dpi_1.tif,2080,1544,Alive,470,511,487,533
20200522 Hi5 + p3 C3CD C=1e6_4dpi_1.tif,2080,1544,Alive,302,740,326,764
20200522 Hi5 + p3 C3CD C=1e6_4dpi_1.tif,2080,1544,Alive,1260,1077,1287,1109
20200522 Hi5 + p3 C3CD C=1e6_4dpi_1.tif,2080,1544,Alive,1377,375,1402,403
20200522 Hi5 + p3 C3CD C=1e6_4dpi_1.tif,2080,1544,Alive,1019,325,1046,353
20200522 Hi5 + p3 C3CD C=1e6_4dpi_1.tif,2080,1544,Alive,865,411,883,435
20200522 Hi5 + p3 C3CD C=1e6_4dpi_1.tif,2080,1544,Alive,1004,592,1032,620
20200522 Hi5 + p3 C3CD C=1e6_4dpi_1.tif,2080,1544,Alive,973,553,1004,577
20200522 Hi5 + p3 C3CD C=1e6_4dpi_1.tif,2080,1544,Alive,1071,665,1090,689
20200522 Hi5 + p3 C3CD C=1e6_4dpi_1.tif,2080,1544,Alive,1038,938,1061,964
20200522 Hi5 + p3 C3CD C=1e6_4dpi_1.tif,2080,1544,Alive,1166,911,1193,930
20200522 Hi5 + p3 C3CD C=1e6_4dpi_1.tif,2080,1544,Alive,1270,936,1293,964
20200522 Hi5 + p3 C3CD C=1e6_4dpi_1.tif,2080,1544,Alive,614,872,636,896
20200522 Hi5 + p3 C3CD C=1e6_4dpi_1.tif,2080,1544,Alive,924,703,946,723
20200522 Hi5 + p3 C3CD C=1e6_4dpi_1.tif,2080,1544,Alive,939,860,961,882
20200522 Hi5 + p3 C3CD C=1e6_4dpi_1.tif,2080,1544,Alive,475,1392,499,1414
20200522 Hi5 + p3 C3CD C=1e6_4dpi_1.tif,2080,1544,Alive,456,1408,478,1435
20200522 Hi5 + p3 C3CD C=1e6_4dpi_1.tif,2080,1544,Alive,263,535,283,558
20200522 Hi5 + p3 C3CD C=1e6_4dpi_1.tif,2080,1544,Alive,82,475,104,501
20200522 Hi5 + p3 C3CD C=1e6_4dpi_1.tif,2080,1544,Alive,175,399,188,420
20200522 Hi5 + p3 C3CD C=1e6_4dpi_1.tif,2080,1544,Alive,727,311,760,333
20200522 Hi5 + p3 C3CD C=1e6_4dpi_1.tif,2080,1544,Alive,721,169,746,191
20200522 Hi5 + p3 C3CD C=1e6_4dpi_1.tif,2080,1544,Alive,1451,111,1475,135
20200522 Hi5 + p3 C3CD C=1e6_4dpi_1.tif,2080,1544,Alive,1560,75,1583,97
20200522 Hi5 + p3 C3CD C=1e6_4dpi_1.tif,2080,1544,Alive,1473,399,1499,426
20200522 Hi5 + p3 C3CD C=1e6_4dpi_1.tif,2080,1544,Alive,1551,662,1573,684
20200522 Hi5 + p3 C3CD C=1e6_4dpi_1.tif,2080,1544,Alive,1921,391,1941,416
20200522 Hi5 + p3 C3CD C=1e6_4dpi_1.tif,2080,1544,Alive,1948,430,1968,452
20200522 Hi5 + p3 C3CD C=1e6_4dpi_1.tif,2080,1544,Alive,1956,262,1975,289
20200522 Hi5 + p3 C3CD C=1e6_4dpi_1.tif,2080,1544,Alive,1809,247,1838,272
20200522 Hi5 + p3 C3CD C=1e6_4dpi_1.tif,2080,1544,Alive,1761,318,1785,342
20200522 Hi5 + p3 C3CD C=1e6_4dpi_1.tif,2080,1544,Alive,1760,489,1782,509
20200522 Hi5 + p3 C3CD C=1e6_4dpi_1.tif,2080,1544,Alive,1592,733,1614,752
20200522 Hi5 + p3 C3CD C=1e6_4dpi_1.tif,2080,1544,Alive,1312,825,1329,845
20200522 Hi5 + p3 C3CD C=1e6_4dpi_1.tif,2080,1544,Alive,1324,797,1344,821
20200522 Hi5 + p3 C3CD C=1e6_4dpi_1.tif,2080,1544,Alive,992,925,1009,947
20200522 Hi5 + p3 C3CD C=1e6_4dpi_1.tif,2080,1544,Alive,1173,545,1202,572
20200522 Hi5 + p3 C3CD C=1e6_4dpi_1.tif,2080,1544,Alive,1195,467,1212,482
20200522 Hi5 + p3 C3CD C=1e6_4dpi_1.tif,2080,1544,Alive,1278,404,1293,423
20200522 Hi5 + p3 C3CD C=1e6_4dpi_1.tif,2080,1544,Alive,500,584,522,601
20200522 Hi5 + p3 C3CD C=1e6_4dpi_1.tif,2080,1544,Alive,66,601,85,625
20200522 Hi5 + p3 C3CD C=1e6_4dpi_1.tif,2080,1544,Alive,26,813,53,836
20200522 Hi5 + p3 C3CD C=1e6_4dpi_1.tif,2080,1544,Alive,77,669,93,689
20200522 Hi5 + p3 C3CD C=1e6_4dpi_1.tif,2080,1544,Alive,382,1245,404,1274
20200522 Hi5 + p3 C3CD C=1e6_4dpi_1.tif,2080,1544,Alive,807,1370,834,1396
20200522 Hi5 + p3 C3CD C=1e6_4dpi_1.tif,2080,1544,Alive,1429,1230,1444,1247
20200522 Hi5 + p3 C3CD C=1e6_4dpi_1.tif,2080,1544,Alive,1815,877,1844,904
20200522 Hi5 + p3 C3CD C=1e6_4dpi_1.tif,2080,1544,Alive,1407,611,1434,631
20200522 Hi5 + p3 C3CD C=1e6_4dpi_1.tif,2080,1544,Alive,1768,1226,1790,1250
20200522 Hi5 + p3 C3CD C=1e6_4dpi_1.tif,2080,1544,Alive,561,1277,585,1299
20200522 Hi5 + p3 C3CD C=1e6_4dpi_1.tif,2080,1544,Alive,12,1503,36,1526
20200522 Hi5 + p3 C3CD C=1e6_4dpi_1.tif,2080,1544,Alive,641,670,665,696
20200522 Hi5 + p3 C3CD C=1e6_4dpi_1.tif,2080,1544,Alive,395,62,417,89
20200522 Hi5 + p3 C3CD C=1e6_4dpi_1.tif,2080,1544,Alive,566,808,585,828
20200522 Hi5 + p3 C3CD C=1e6_4dpi_1.tif,2080,1544,Alive,1802,1445,1827,1472
20200522 Hi5 + p3 C3CD C=1e6_4dpi_1.tif,2080,1544,Alive,1963,1475,1983,1499
20200522 Hi5 + p3 C3CD C=1e6_4dpi_1.tif,2080,1544,Alive,1971,169,1993,197
20200522 Hi5 + p3 C3CD C=1e6_4dpi_1.tif,2080,1544,Alive,1692,436,1715,462
20200522 Hi5 + p3 C3CD C=1e6_4dpi_1.tif,2080,1544,Alive,1161,226,1185,250
20200522 Hi5 + p3 C3CD C=1e6_4dpi_1.tif,2080,1544,Alive,1258,1189,1288,1225
20200522 Hi5 + p3 C3CD C=1e6_4dpi_1.tif,2080,1544,Alive,1570,1225,1592,1255
20200522 Hi5 + p3 C3CD C=1e6_4dpi_1.tif,2080,1544,Alive,1683,1118,1707,1143
20200522 Hi5 + p3 C3CD C=1e6_4dpi_1.tif,2080,1544,Alive,1938,992,1956,1020
20200522 Hi5 + p3 C3CD C=1e6_4dpi_1.tif,2080,1544,Alive,2027,1031,2051,1060
20200522 Hi5 + p3 C3CD C=1e6_4dpi_1.tif,2080,1544,Alive,1221,997,1238,1025
20200522 Hi5 + p3 C3CD C=1e6_4dpi_1.tif,2080,1544,Alive,738,997,758,1020
20200522 Hi5 + p3 C3CD C=1e6_4dpi_1.tif,2080,1544,Alive,768,1021,788,1047
20200522 Hi5 + p3 C3CD C=1e6_4dpi_1.tif,2080,1544,Alive,815,1167,832,1191
20200522 Hi5 + p3 C3CD C=1e6_4dpi_1.tif,2080,1544,Alive,988,316,1009,338
20200522 Hi5 + p3 C3CD C=1e6_4dpi_1.tif,2080,1544,Alive,834,9,854,28
20200522 Hi5 + p3 C3CD C=1e6_4dpi_1.tif,2080,1544,Alive,800,3,822,23
20200522 Hi5 + p3 C3CD C=1e6_4dpi_1.tif,2080,1544,Alive,712,128,738,155
20200522 Hi5 + p3 C3CD C=1e6_4dpi_1.tif,2080,1544,Alive,807,120,826,136
20200522 Hi5 + p3 C3CD C=1e6_4dpi_1.tif,2080,1544,Alive,227,781,253,808
20200522 Hi5 + p3 C3CD C=1e6_4dpi_1.tif,2080,1544,Alive,382,1021,412,1043
20200522 Hi5 + p3 C3CD C=1e6_4dpi_1.tif,2080,1544,Alive,797,684,814,703
20200522 Hi5 + p3 C3CD C=1e6_4dpi_1.tif,2080,1544,Alive,1260,825,1282,845
20200522 Hi5 + p3 C3CD C=1e6_4dpi_1.tif,2080,1544,Alive,1882,1353,1900,1372
20200522 Hi5 + p3 C3CD C=1e6_4dpi_1.tif,2080,1544,Alive,1332,889,1353,916
20200522 Hi5 + p3 C3CD C=1e6_4dpi_1.tif,2080,1544,Alive,1632,443,1658,462
20200522 Hi5 + p3 C3CD C=1e6_4dpi_1.tif,2080,1544,Alive,1865,748,1887,774
20200522 Hi5 + p3 C3CD C=1e6_4dpi_1.tif,2080,1544,Alive,382,748,404,767
20200522 Hi5 + p3 C3CD C=1e6_4dpi_1.tif,2080,1544,Alive,404,1116,422,1138
20200522 Hi5 + p3 C3CD C=1e6_4dpi_1.tif,2080,1544,Alive,422,1162,446,1182
20200522 Hi5 + p3 C3CD C=1e6_4dpi_1.tif,2080,1544,Alive,319,1174,341,1196
20200522 Hi5 + p3 C3CD C=1e6_4dpi_1.tif,2080,1544,Alive,1649,506,1671,530
20200522 Hi5 + p3 C3CD C=1e6_4dpi_1.tif,2080,1544,Alive,1060,782,1080,808
20200522 Hi5 + p3 C3CD C=1e6_4dpi_1.tif,2080,1544,Alive,836,964,868,991
20200522 Hi5 + p3 C3CD C=1e6_4dpi_1.tif,2080,1544,Alive,229,1301,249,1323
20200522 Hi5 + p3 C3CD C=1e6_4dpi_1.tif,2080,1544,Alive,590,1364,612,1384
20200522 Hi5 + p3 C3CD C=1e6_4dpi_1.tif,2080,1544,Alive,975,1387,997,1406
20200522 Hi5 + p3 C3CD C=1e6_4dpi_1.tif,2080,1544,Alive,1224,1438,1246,1455
20200522 Hi5 + p3 C3CD C=1e6_4dpi_1.tif,2080,1544,Alive,1687,1487,1705,1506
20200522 Hi5 + p3 C3CD C=1e6_4dpi_1.tif,2080,1544,Alive,1856,638,1877,658
20200522 Hi5 + p3 C3CD C=1e6_4dpi_1.tif,2080,1544,Alive,734,1284,753,1296
20200522 Hi5 + p3 C3CD C=1e6_4dpi_1.tif,2080,1544,Alive,760,1387,785,1408
20200522 Hi5 + p3 C3CD C=1e6_4dpi_1.tif,2080,1544,Alive,934,499,953,518
20200522 Hi5 + p3 C3CD C=1e6_4dpi_1.tif,2080,1544,Alive,1583,197,1604,213
20200522 Hi5 + p3 C3CD C=1e6_4dpi_1.tif,2080,1544,Alive,475,1036,497,1057
20200522 Hi5 + p3 C3CD C=1e6_4dpi_1.tif,2080,1544,Alive,310,1230,336,1252
20200522 Hi5 + p3 C3CD C=1e6_4dpi_1.tif,2080,1544,Alive,893,1348,912,1367
20200522 Hi5 + p3 C3CD C=1e6_4dpi_1.tif,2080,1544,Alive,910,1458,929,1477
20200522 Hi5 + p3 C3CD C=1e6_4dpi_1.tif,2080,1544,Alive,1231,501,1249,520
20200522 Hi5 + p3 C3CD C=1e6_4dpi_1.tif,2080,1544,Alive,1570,1145,1592,1164
20200522 Hi5 + p3 C3CD C=1e6_4dpi_1.tif,2080,1544,Alive,1770,1133,1790,1162
20200522 Hi5 + p3 C3CD C=1e6_4dpi_1.tif,2080,1544,Alive,1466,1058,1487,1081
20200522 Hi5 + p3 C3CD C=1e6_4dpi_1.tif,2080,1544,Alive,2054,189,2071,216
20200522 Hi5 + p3 C3CD C=1e6_4dpi_1.tif,2080,1544,Alive,2029,1258,2046,1281
20200522 Hi5 + p3 C3CD C=1e6_4dpi_1.tif,2080,1544,Alive,2026,1469,2046,1494
20200522 Hi5 + p3 C3CD C=1e6_4dpi_1.tif,2080,1544,Alive,1946,1087,1968,1108
20200522 Hi5 + p3 C3CD C=1e6_4dpi_1.tif,2080,1544,Alive,446,1192,468,1211
20200522 Hi5 + p3 C3CD C=1e6_4dpi_1.tif,2080,1544,Alive,719,565,739,591
20200522 Hi5 + p3 C3CD C=1e6_4dpi_2.tif,2080,1544,Dead,1602,438,1641,482
20200522 Hi5 + p3 C3CD C=1e6_4dpi_2.tif,2080,1544,Dead,1085,338,1126,379
20200522 Hi5 + p3 C3CD C=1e6_4dpi_2.tif,2080,1544,Dead,1154,43,1195,75
20200522 Hi5 + p3 C3CD C=1e6_4dpi_2.tif,2080,1544,Dead,1077,111,1110,143
20200522 Hi5 + p3 C3CD C=1e6_4dpi_2.tif,2080,1544,Dead,888,133,927,179
20200522 Hi5 + p3 C3CD C=1e6_4dpi_2.tif,2080,1544,Dead,465,289,510,335
20200522 Hi5 + p3 C3CD C=1e6_4dpi_2.tif,2080,1544,Dead,682,435,721,470
20200522 Hi5 + p3 C3CD C=1e6_4dpi_2.tif,2080,1544,Dead,1417,501,1458,543
20200522 Hi5 + p3 C3CD C=1e6_4dpi_2.tif,2080,1544,Dead,1500,742,1538,781
20200522 Hi5 + p3 C3CD C=1e6_4dpi_2.tif,2080,1544,Dead,1432,1025,1458,1070
20200522 Hi5 + p3 C3CD C=1e6_4dpi_2.tif,2080,1544,Dead,1367,1014,1414,1058
20200522 Hi5 + p3 C3CD C=1e6_4dpi_2.tif,2080,1544,Dead,743,923,777,955
20200522 Hi5 + p3 C3CD C=1e6_4dpi_2.tif,2080,1544,Dead,1178,1291,1212,1326
20200522 Hi5 + p3 C3CD C=1e6_4dpi_2.tif,2080,1544,Dead,797,1386,838,1428
20200522 Hi5 + p3 C3CD C=1e6_4dpi_2.tif,2080,1544,Dead,1861,1348,1895,1382
20200522 Hi5 + p3 C3CD C=1e6_4dpi_2.tif,2080,1544,Dead,1575,1165,1605,1201
20200522 Hi5 + p3 C3CD C=1e6_4dpi_2.tif,2080,1544,Dead,1621,911,1653,948
20200522 Hi5 + p3 C3CD C=1e6_4dpi_2.tif,2080,1544,Dead,1715,901,1756,942
20200522 Hi5 + p3 C3CD C=1e6_4dpi_2.tif,2080,1544,Dead,624,1252,660,1299
20200522 Hi5 + p3 C3CD C=1e6_4dpi_2.tif,2080,1544,Dead,1505,1452,1536,1479
20200522 Hi5 + p3 C3CD C=1e6_4dpi_2.tif,2080,1544,Dead,1814,136,1849,177
20200522 Hi5 + p3 C3CD C=1e6_4dpi_2.tif,2080,1544,Dead,1527,150,1568,197
20200522 Hi5 + p3 C3CD C=1e6_4dpi_2.tif,2080,1544,Dead,1751,492,1777,528
20200522 Hi5 + p3 C3CD C=1e6_4dpi_2.tif,2080,1544,Dead,1760,665,1804,704
20200522 Hi5 + p3 C3CD C=1e6_4dpi_2.tif,2080,1544,Dead,1919,914,1953,962
20200522 Hi5 + p3 C3CD C=1e6_4dpi_2.tif,2080,1544,Dead,2012,1050,2051,1087
20200522 Hi5 + p3 C3CD C=1e6_4dpi_2.tif,2080,1544,Dead,1748,111,1780,150
20200522 Hi5 + p3 C3CD C=1e6_4dpi_2.tif,2080,1544,Dead,1300,175,1336,206
20200522 Hi5 + p3 C3CD C=1e6_4dpi_2.tif,2080,1544,Dead,2026,414,2060,455
20200522 Hi5 + p3 C3CD C=1e6_4dpi_2.tif,2080,1544,Dead,236,101,283,160
20200522 Hi5 + p3 C3CD C=1e6_4dpi_2.tif,2080,1544,Dead,207,81,241,123
20200522 Hi5 + p3 C3CD C=1e6_4dpi_2.tif,2080,1544,Dead,44,725,80,769
20200522 Hi5 + p3 C3CD C=1e6_4dpi_2.tif,2080,1544,Dead,288,1092,324,1136
20200522 Hi5 + p3 C3CD C=1e6_4dpi_2.tif,2080,1544,Dead,607,1184,641,1225
20200522 Hi5 + p3 C3CD C=1e6_4dpi_2.tif,2080,1544,Dead,460,1199,504,1245
20200522 Hi5 + p3 C3CD C=1e6_4dpi_2.tif,2080,1544,Dead,148,1201,187,1243
20200522 Hi5 + p3 C3CD C=1e6_4dpi_2.tif,2080,1544,Dead,138,1374,161,1399
20200522 Hi5 + p3 C3CD C=1e6_4dpi_2.tif,2080,1544,Dead,571,503,612,543
20200522 Hi5 + p3 C3CD C=1e6_4dpi_2.tif,2080,1544,Dead,495,540,534,582
20200522 Hi5 + p3 C3CD C=1e6_4dpi_2.tif,2080,1544,Dead,70,552,110,592
20200522 Hi5 + p3 C3CD C=1e6_4dpi_2.tif,2080,1544,Dead,1573,636,1609,677
20200522 Hi5 + p3 C3CD C=1e6_4dpi_2.tif,2080,1544,Dead,1977,506,2014,548
20200522 Hi5 + p3 C3CD C=1e6_4dpi_2.tif,2080,1544,Dead,1793,784,1821,821
20200522 Hi5 + p3 C3CD C=1e6_4dpi_2.tif,2080,1544,Dead,1651,811,1683,847
20200522 Hi5 + p3 C3CD C=1e6_4dpi_2.tif,2080,1544,Dead,1688,850,1731,891
20200522 Hi5 + p3 C3CD C=1e6_4dpi_2.tif,2080,1544,Dead,1573,36,1600,77
20200522 Hi5 + p3 C3CD C=1e6_4dpi_2.tif,2080,1544,Dead,502,608,534,642
20200522 Hi5 + p3 C3CD C=1e6_4dpi_2.tif,2080,1544,Dead,332,1184,358,1214
20200522 Hi5 + p3 C3CD C=1e6_4dpi_2.tif,2080,1544,Dead,578,1347,627,1399
20200522 Hi5 + p3 C3CD C=1e6_4dpi_2.tif,2080,1544,Dead,541,1277,585,1320
20200522 Hi5 + p3 C3CD C=1e6_4dpi_2.tif,2080,1544,Dead,1177,1399,1207,1426
20200522 Hi5 + p3 C3CD C=1e6_4dpi_2.tif,2080,1544,Dead,1265,199,1304,233
20200522 Hi5 + p3 C3CD C=1e6_4dpi_2.tif,2080,1544,Dead,373,942,404,972
20200522 Hi5 + p3 C3CD C=1e6_4dpi_2.tif,2080,1544,Dead,1192,1023,1231,1053
20200522 Hi5 + p3 C3CD C=1e6_4dpi_2.tif,2080,1544,Dead,1215,986,1251,1014
20200522 Hi5 + p3 C3CD C=1e6_4dpi_2.tif,2080,1544,Dead,1595,1206,1629,1235
20200522 Hi5 + p3 C3CD C=1e6_4dpi_2.tif,2080,1544,Dead,1877,313,1904,350
20200522 Hi5 + p3 C3CD C=1e6_4dpi_2.tif,2080,1544,Dead,1917,323,1941,369
20200522 Hi5 + p3 C3CD C=1e6_4dpi_2.tif,2080,1544,Dead,363,1448,412,1501
20200522 Hi5 + p3 C3CD C=1e6_4dpi_2.tif,2080,1544,Dead,1593,184,1631,226
20200522 Hi5 + p3 C3CD C=1e6_4dpi_2.tif,2080,1544,Dead,495,201,527,223
20200522 Hi5 + p3 C3CD C=1e6_4dpi_2.tif,2080,1544,Dead,168,994,241,1070
20200522 Hi5 + p3 C3CD C=1e6_4dpi_2.tif,2080,1544,Dead,1970,1336,2024,1392
20200522 Hi5 + p3 C3CD C=1e6_4dpi_2.tif,2080,1544,Alive,1049,618,1121,674
20200522 Hi5 + p3 C3CD C=1e6_4dpi_2.tif,2080,1544,Alive,1888,491,1932,540
20200522 Hi5 + p3 C3CD C=1e6_4dpi_2.tif,2080,1544,Alive,1310,318,1375,381
20200522 Hi5 + p3 C3CD C=1e6_4dpi_2.tif,2080,1544,Alive,1446,214,1485,258
20200522 Hi5 + p3 C3CD C=1e6_4dpi_2.tif,2080,1544,Alive,804,350,875,409
20200522 Hi5 + p3 C3CD C=1e6_4dpi_2.tif,2080,1544,Alive,893,447,953,504
20200522 Hi5 + p3 C3CD C=1e6_4dpi_2.tif,2080,1544,Alive,682,711,738,765
20200522 Hi5 + p3 C3CD C=1e6_4dpi_2.tif,2080,1544,Alive,370,670,417,709
20200522 Hi5 + p3 C3CD C=1e6_4dpi_2.tif,2080,1544,Alive,970,1286,1029,1342
20200522 Hi5 + p3 C3CD C=1e6_4dpi_2.tif,2080,1544,Alive,849,1269,888,1309
20200522 Hi5 + p3 C3CD C=1e6_4dpi_2.tif,2080,1544,Alive,1297,1225,1351,1286
20200522 Hi5 + p3 C3CD C=1e6_4dpi_2.tif,2080,1544,Alive,1534,1287,1605,1367
20200522 Hi5 + p3 C3CD C=1e6_4dpi_2.tif,2080,1544,Alive,1422,1435,1470,1484
20200522 Hi5 + p3 C3CD C=1e6_4dpi_2.tif,2080,1544,Alive,1699,1174,1751,1230
20200522 Hi5 + p3 C3CD C=1e6_4dpi_2.tif,2080,1544,Alive,1639,1013,1693,1057
20200522 Hi5 + p3 C3CD C=1e6_4dpi_2.tif,2080,1544,Alive,1668,953,1722,1009
20200522 Hi5 + p3 C3CD C=1e6_4dpi_2.tif,2080,1544,Alive,1760,720,1799,762
20200522 Hi5 + p3 C3CD C=1e6_4dpi_2.tif,2080,1544,Alive,1897,606,1938,653
20200522 Hi5 + p3 C3CD C=1e6_4dpi_2.tif,2080,1544,Alive,1800,565,1843,608
20200522 Hi5 + p3 C3CD C=1e6_4dpi_2.tif,2080,1544,Alive,1680,497,1729,552
20200522 Hi5 + p3 C3CD C=1e6_4dpi_2.tif,2080,1544,Alive,1521,1021,1558,1064
20200522 Hi5 + p3 C3CD C=1e6_4dpi_2.tif,2080,1544,Alive,724,1104,780,1150
20200522 Hi5 + p3 C3CD C=1e6_4dpi_2.tif,2080,1544,Alive,187,914,224,962
20200522 Hi5 + p3 C3CD C=1e6_4dpi_2.tif,2080,1544,Alive,482,1358,536,1425
20200522 Hi5 + p3 C3CD C=1e6_4dpi_2.tif,2080,1544,Alive,209,1223,266,1264
20200522 Hi5 + p3 C3CD C=1e6_4dpi_2.tif,2080,1544,Alive,229,1420,288,1470
20200522 Hi5 + p3 C3CD C=1e6_4dpi_2.tif,2080,1544,Alive,710,209,760,255
20200522 Hi5 + p3 C3CD C=1e6_4dpi_2.tif,2080,1544,Alive,536,1,593,62
20200522 Hi5 + p3 C3CD C=1e6_4dpi_2.tif,2080,1544,Alive,719,481,758,518
20200522 Hi5 + p3 C3CD C=1e6_4dpi_2.tif,2080,1544,Alive,1019,913,1063,962
20200522 Hi5 + p3 C3CD C=1e6_4dpi_2.tif,2080,1544,Alive,1351,118,1400,172
20200522 Hi5 + p3 C3CD C=1e6_4dpi_2.tif,2080,1544,Alive,175,381,232,433
20200522 Hi5 + p3 C3CD C=1e6_4dpi_2.tif,2080,1544,Alive,51,148,110,208
20200522 Hi5 + p3 C3CD C=1e6_4dpi_2.tif,2080,1544,Alive,515,1106,560,1143
20200522 Hi5 + p3 C3CD C=1e6_4dpi_2.tif,2080,1544,Alive,504,1148,560,1194
20200522 Hi5 + p3 C3CD C=1e6_4dpi_2.tif,2080,1544,Alive,2,1099,44,1148
20200522 Hi5 + p3 C3CD C=1e6_4dpi_2.tif,2080,1544,Alive,1678,70,1729,118
20200522 Hi5 + p3 C3CD C=1e6_4dpi_2.tif,2080,1544,Alive,2015,1267,2060,1321
20200522 Hi5 + p3 C3CD C=1e6_4dpi_2.tif,2080,1544,Alive,1,626,58,692
20200522 Hi5 + p3 C3CD C=1e6_4dpi_2.tif,2080,1544,Alive,2034,1096,2078,1148
20200522 Hi5 + p5 Hi5_C3CD_4dpi_2.tif,2080,1544,Dead,1095,386,1132,428
20200522 Hi5 + p5 Hi5_C3CD_4dpi_2.tif,2080,1544,Dead,497,375,534,409
20200522 Hi5 + p5 Hi5_C3CD_4dpi_2.tif,2080,1544,Dead,1182,542,1229,584
20200522 Hi5 + p5 Hi5_C3CD_4dpi_2.tif,2080,1544,Dead,882,579,927,620
20200522 Hi5 + p5 Hi5_C3CD_4dpi_2.tif,2080,1544,Dead,909,674,938,708
20200522 Hi5 + p5 Hi5_C3CD_4dpi_2.tif,2080,1544,Dead,948,764,982,794
20200522 Hi5 + p5 Hi5_C3CD_4dpi_2.tif,2080,1544,Dead,788,1075,829,1121
20200522 Hi5 + p5 Hi5_C3CD_4dpi_2.tif,2080,1544,Dead,536,787,568,828
20200522 Hi5 + p5 Hi5_C3CD_4dpi_2.tif,2080,1544,Dead,127,874,160,909
20200522 Hi5 + p5 Hi5_C3CD_4dpi_2.tif,2080,1544,Dead,204,889,236,921
20200522 Hi5 + p5 Hi5_C3CD_4dpi_2.tif,2080,1544,Dead,12,1103,41,1126
20200522 Hi5 + p5 Hi5_C3CD_4dpi_2.tif,2080,1544,Dead,554,230,599,267
20200522 Hi5 + p5 Hi5_C3CD_4dpi_2.tif,2080,1544,Dead,487,223,526,264
20200522 Hi5 + p5 Hi5_C3CD_4dpi_2.tif,2080,1544,Dead,1170,899,1204,933
20200522 Hi5 + p5 Hi5_C3CD_4dpi_2.tif,2080,1544,Dead,1205,925,1243,965
20200522 Hi5 + p5 Hi5_C3CD_4dpi_2.tif,2080,1544,Dead,1007,1072,1036,1106
20200522 Hi5 + p5 Hi5_C3CD_4dpi_2.tif,2080,1544,Dead,1678,758,1727,811
20200522 Hi5 + p5 Hi5_C3CD_4dpi_2.tif,2080,1544,Dead,1917,1082,1968,1130
20200522 Hi5 + p5 Hi5_C3CD_4dpi_2.tif,2080,1544,Dead,1071,1242,1121,1297
20200522 Hi5 + p5 Hi5_C3CD_4dpi_2.tif,2080,1544,Dead,1641,389,1685,442
20200522 Hi5 + p5 Hi5_C3CD_4dpi_2.tif,2080,1544,Dead,1722,381,1753,423
20200522 Hi5 + p5 Hi5_C3CD_4dpi_2.tif,2080,1544,Dead,1575,255,1607,289
20200522 Hi5 + p5 Hi5_C3CD_4dpi_2.tif,2080,1544,Dead,1790,158,1817,196
20200522 Hi5 + p5 Hi5_C3CD_4dpi_2.tif,2080,1544,Dead,1927,747,1965,784
20200522 Hi5 + p5 Hi5_C3CD_4dpi_2.tif,2080,1544,Dead,1471,784,1514,821
20200522 Hi5 + p5 Hi5_C3CD_4dpi_2.tif,2080,1544,Dead,566,997,600,1043
20200522 Hi5 + p5 Hi5_C3CD_4dpi_2.tif,2080,1544,Dead,285,1296,315,1330
20200522 Hi5 + p5 Hi5_C3CD_4dpi_2.tif,2080,1544,Dead,634,1279,670,1316
20200522 Hi5 + p5 Hi5_C3CD_4dpi_2.tif,2080,1544,Dead,1719,609,1751,648
20200522 Hi5 + p5 Hi5_C3CD_4dpi_2.tif,2080,1544,Dead,1548,1375,1580,1414
20200522 Hi5 + p5 Hi5_C3CD_4dpi_2.tif,2080,1544,Dead,473,1008,510,1048
20200522 Hi5 + p5 Hi5_C3CD_4dpi_2.tif,2080,1544,Dead,648,592,678,625
20200522 Hi5 + p5 Hi5_C3CD_4dpi_2.tif,2080,1544,Dead,732,113,765,138
20200522 Hi5 + p5 Hi5_C3CD_4dpi_2.tif,2080,1544,Dead,412,1181,444,1206
20200522 Hi5 + p5 Hi5_C3CD_4dpi_2.tif,2080,1544,Dead,407,1140,431,1167
20200522 Hi5 + p5 Hi5_C3CD_4dpi_2.tif,2080,1544,Dead,875,797,907,836
20200522 Hi5 + p5 Hi5_C3CD_4dpi_2.tif,2080,1544,Alive,699,355,734,386
20200522 Hi5 + p5 Hi5_C3CD_4dpi_2.tif,2080,1544,Alive,849,458,885,491
20200522 Hi5 + p5 Hi5_C3CD_4dpi_2.tif,2080,1544,Alive,1229,203,1287,264
20200522 Hi5 + p5 Hi5_C3CD_4dpi_2.tif,2080,1544,Alive,1187,665,1234,711
20200522 Hi5 + p5 Hi5_C3CD_4dpi_2.tif,2080,1544,Alive,1102,636,1144,681
20200522 Hi5 + p5 Hi5_C3CD_4dpi_2.tif,2080,1544,Alive,1499,994,1538,1036
20200522 Hi5 + p5 Hi5_C3CD_4dpi_2.tif,2080,1544,Alive,1599,997,1636,1036
20200522 Hi5 + p5 Hi5_C3CD_4dpi_2.tif,2080,1544,Alive,1754,840,1805,894
20200522 Hi5 + p5 Hi5_C3CD_4dpi_2.tif,2080,1544,Alive,1773,779,1819,821
20200522 Hi5 + p5 Hi5_C3CD_4dpi_2.tif,2080,1544,Alive,1538,745,1590,794
20200522 Hi5 + p5 Hi5_C3CD_4dpi_2.tif,2080,1544,Alive,1268,306,1309,353
20200522 Hi5 + p5 Hi5_C3CD_4dpi_2.tif,2080,1544,Alive,946,872,980,913
20200522 Hi5 + p5 Hi5_C3CD_4dpi_2.tif,2080,1544,Alive,749,896,787,935
20200522 Hi5 + p5 Hi5_C3CD_4dpi_2.tif,2080,1544,Alive,817,870,854,909
20200522 Hi5 + p5 Hi5_C3CD_4dpi_2.tif,2080,1544,Alive,805,782,839,818
20200522 Hi5 + p5 Hi5_C3CD_4dpi_2.tif,2080,1544,Alive,736,736,771,770
20200522 Hi5 + p5 Hi5_C3CD_4dpi_2.tif,2080,1544,Alive,93,1174,141,1218
20200522 Hi5 + p5 Hi5_C3CD_4dpi_2.tif,2080,1544,Alive,312,803,353,845
20200522 Hi5 + p5 Hi5_C3CD_4dpi_2.tif,2080,1544,Alive,212,477,251,513
20200522 Hi5 + p5 Hi5_C3CD_4dpi_2.tif,2080,1544,Alive,312,530,353,570
20200522 Hi5 + p5 Hi5_C3CD_4dpi_2.tif,2080,1544,Alive,448,533,485,570
20200522 Hi5 + p5 Hi5_C3CD_4dpi_2.tif,2080,1544,Alive,493,608,527,642
20200522 Hi5 + p5 Hi5_C3CD_4dpi_2.tif,2080,1544,Alive,395,555,429,591
20200522 Hi5 + p5 Hi5_C3CD_4dpi_2.tif,2080,1544,Alive,1678,1167,1721,1211
20200522 Hi5 + p5 Hi5_C3CD_4dpi_2.tif,2080,1544,Alive,2014,1155,2049,1197
20200522 Hi5 + p5 Hi5_C3CD_4dpi_2.tif,2080,1544,Alive,1504,472,1544,511
20200522 Hi5 + p5 Hi5_C3CD_4dpi_2.tif,2080,1544,Alive,365,969,400,1004
20200522 Hi5 + p5 Hi5_C3CD_4dpi_2.tif,2080,1544,Alive,1610,918,1639,962
20200522 Hi5 + p5 Hi5_C3CD_4dpi_2.tif,2080,1544,Alive,1738,1001,1778,1038
20200522 Hi5 + p5 Hi5_C3CD_4dpi_2.tif,2080,1544,Alive,1763,916,1804,957
20200522 Hi5 + p5 Hi5_C3CD_4dpi_2.tif,2080,1544,Alive,1810,1179,1860,1218
20200522 Hi5 + p5 Hi5_C3CD_4dpi_2.tif,2080,1544,Alive,1770,650,1805,688
20200522 Hi5 + p5 Hi5_C3CD_4dpi_2.tif,2080,1544,Alive,1863,145,1899,187
20200522 Hi5 + p5 Hi5_C3CD_4dpi_2.tif,2080,1544,Alive,1722,57,1763,104
20200522 Hi5 + p5 Hi5_C3CD_4dpi_2.tif,2080,1544,Alive,1585,70,1622,108
20200522 Hi5 + p5 Hi5_C3CD_4dpi_2.tif,2080,1544,Alive,941,942,975,970
20200522 Hi5 + p5 Hi5_C3CD_4dpi_2.tif,2080,1544,Alive,688,1150,724,1181
20200522 Hi5 + p5 Hi5_C3CD_4dpi_2.tif,2080,1544,Alive,348,1321,393,1364
20200522 Hi5 + p5 Hi5_C3CD_4dpi_2.tif,2080,1544,Alive,331,1225,370,1262
20200522 Hi5 + p5 Hi5_C3CD_4dpi_2.tif,2080,1544,Alive,1063,808,1100,840
20200522 Hi5 + p5 Hi5_C3CD_4dpi_2.tif,2080,1544,Alive,848,223,885,260
20200522 Hi5 + p5 Hi5_C3CD_4dpi_2.tif,2080,1544,Alive,302,274,334,308
20200522 Hi5 + p5 Hi5_C3CD_4dpi_2.tif,2080,1544,Alive,290,140,331,170
20200522 Hi5 + p5 Hi5_C3CD_4dpi_2.tif,2080,1544,Alive,412,33,451,67
20200522 Hi5 + p5 Hi5_C3CD_4dpi_2.tif,2080,1544,Alive,61,48,109,81
20200522 Hi5 + p5 Hi5_C3CD_4dpi_2.tif,2080,1544,Alive,10,1147,51,1179
20200522 Hi5 + p5 Hi5_C3CD_4dpi_2.tif,2080,1544,Alive,643,1058,680,1103
20200522 Hi5 + p5 Hi5_C3CD_4dpi_2.tif,2080,1544,Alive,644,953,690,999
20200522 Hi5 + p5 Hi5_C3CD_4dpi_2.tif,2080,1544,Alive,654,764,685,799
20200522 Hi5 + p5 Hi5_C3CD_4dpi_2.tif,2080,1544,Alive,715,1101,753,1133
20200522 Hi5 + p5 Hi5_C3CD_4dpi_2.tif,2080,1544,Alive,526,1299,565,1335
20200522 Hi5 + p5 Hi5_C3CD_4dpi_2.tif,2080,1544,Alive,460,1330,495,1370
20200522 Hi5 + p5 Hi5_C3CD_4dpi_2.tif,2080,1544,Alive,648,1435,700,1481
20200522 Hi5 + p5 Hi5_C3CD_4dpi_2.tif,2080,1544,Alive,829,1350,875,1391
20200522 Hi5 + p5 Hi5_C3CD_4dpi_2.tif,2080,1544,Alive,990,1313,1034,1353
20200522 Hi5 + p5 Hi5_C3CD_4dpi_2.tif,2080,1544,Alive,1063,1125,1095,1164
20200522 Hi5 + p5 Hi5_C3CD_4dpi_2.tif,2080,1544,Alive,1258,1050,1297,1096
20200522 Hi5 + p5 Hi5_C3CD_4dpi_2.tif,2080,1544,Alive,1266,818,1300,865
20200522 Hi5 + p5 Hi5_C3CD_4dpi_2.tif,2080,1544,Alive,1317,853,1368,897
20200522 Hi5 + p5 Hi5_C3CD_4dpi_2.tif,2080,1544,Alive,1392,743,1424,781
20200522 Hi5 + p5 Hi5_C3CD_4dpi_2.tif,2080,1544,Alive,1483,913,1510,952
20200522 Hi5 + p5 Hi5_C3CD_4dpi_2.tif,2080,1544,Alive,1695,526,1734,575
20200522 Hi5 + p5 Hi5_C3CD_4dpi_2.tif,2080,1544,Alive,1692,1255,1738,1311
20200522 Hi5 + p5 Hi5_C3CD_4dpi_2.tif,2080,1544,Alive,1187,1287,1227,1338
20200522 Hi5 + p5 Hi5_C3CD_4dpi_2.tif,2080,1544,Alive,1061,1436,1092,1477
20200522 Hi5 + p5 Hi5_C3CD_4dpi_2.tif,2080,1544,Alive,487,1413,519,1447
20200522 Hi5 + p5 Hi5_C3CD_4dpi_2.tif,2080,1544,Alive,109,1450,146,1491
20200522 Hi5 + p5 Hi5_C3CD_4dpi_2.tif,2080,1544,Alive,104,496,139,542
20200522 Hi5 + p5 Hi5_C3CD_4dpi_2.tif,2080,1544,Alive,475,109,514,147
20200522 Hi5 + p5 Hi5_C3CD_4dpi_2.tif,2080,1544,Alive,1105,286,1144,316
20200522 Hi5 + p5 Hi5_C3CD_4dpi_2.tif,2080,1544,Alive,1493,681,1534,726
20200522 Hi5 + p5 Hi5_C3CD_4dpi_2.tif,2080,1544,Alive,1654,1070,1693,1106
20200522 Hi5 + p5 Hi5_C3CD_4dpi_2.tif,2080,1544,Alive,1673,1109,1712,1143
20200522 Hi5 + p5 Hi5_C3CD_4dpi_2.tif,2080,1544,Alive,1073,494,1109,538
20200522 Hi5 + p5 Hi5_C3CD_4dpi_2.tif,2080,1544,Alive,897,201,938,235
20200522 Hi5 + p5 Hi5_C3CD_4dpi_2.tif,2080,1544,Alive,861,18,905,58
20200522 Hi5 + p5 Hi5_C3CD_4dpi_2.tif,2080,1544,Alive,580,550,615,581
20200522 Hi5 + p5 Hi5_C3CD_4dpi_2.tif,2080,1544,Alive,1275,1355,1317,1399
20200522 Hi5 + p5 Hi5_C3CD_4dpi_2.tif,2080,1544,Alive,1399,1326,1441,1370
20200522 Hi5 + p5 Hi5_C3CD_4dpi_2.tif,2080,1544,Alive,1324,1191,1377,1245
20200522 Hi5 + p5 Hi5_C3CD_4dpi_2.tif,2080,1544,Alive,1314,1094,1351,1130
20200522 Hi5 + p5 Hi5_C3CD_4dpi_2.tif,2080,1544,Dead,1056,1065,1085,1094
20200522 Hi5 + p5 Hi5_C3CD_4dpi_2.tif,2080,1544,Dead,1214,1396,1254,1435
20200522 Hi5 + p5 Hi5_C3CD_4dpi_2.tif,2080,1544,Dead,1970,11,2009,58
20200522 Hi5 + p5 Hi5_C3CD_4dpi_2.tif,2080,1544,Dead,1973,153,2014,204
20200522 Hi5 + p5 Hi5_C3CD_4dpi_2.tif,2080,1544,Dead,1985,92,2017,136
20200522 Hi5 + p5 Hi5_C3CD_4dpi_2.tif,2080,1544,Dead,1654,253,1697,303
20200522 Hi5 + p5 Hi5_C3CD_4dpi_2.tif,2080,1544,Dead,1734,242,1771,303
20200522 Hi5 + p5 Hi5_C3CD_4dpi_2.tif,2080,1544,Dead,1527,536,1549,560
20200522 Hi5 + p5 Hi5_C3CD_4dpi_2.tif,2080,1544,Dead,1895,845,1929,882
20200522 Hi5 + p5 Hi5_C3CD_4dpi_2.tif,2080,1544,Dead,1861,955,1902,992
20200522 Hi5 + p5 Hi5_C3CD_4dpi_2.tif,2080,1544,Dead,970,1233,995,1264
20200522 Hi5 + p5 Hi5_C3CD_4dpi_2.tif,2080,1544,Dead,1497,1386,1522,1416
20200522 Hi5 + p5 Hi5_C3CD_4dpi_2.tif,2080,1544,Dead,1605,1372,1641,1414
20200522 Hi5 + p5 Hi5_C3CD_4dpi_2.tif,2080,1544,Dead,1648,1409,1690,1453
20200522 Hi5 + p5 Hi5_C3CD_4dpi_2.tif,2080,1544,Dead,1783,1386,1817,1421
20200522 Hi5 + p5 Hi5_C3CD_4dpi_2.tif,2080,1544,Dead,1265,40,1304,82
20200522 Hi5 + p5 Hi5_C3CD_4dpi_2.tif,2080,1544,Dead,504,284,539,313
20200522 Hi5 + p5 Hi5_C3CD_4dpi_2.tif,2080,1544,Dead,532,331,560,360
20200522 Hi5 + p5 Hi5_C3CD_4dpi_2.tif,2080,1544,Dead,199,362,243,408
20200522 Hi5 + p5 Hi5_C3CD_4dpi_2.tif,2080,1544,Dead,148,435,177,457
20200522 Hi5 + p5 Hi5_C3CD_4dpi_2.tif,2080,1544,Dead,43,506,70,531
20200522 Hi5 + p5 Hi5_C3CD_4dpi_2.tif,2080,1544,Dead,70,348,109,384
20200522 Hi5 + p5 Hi5_C3CD_4dpi_2.tif,2080,1544,Dead,226,260,263,294
20200522 Hi5 + p5 Hi5_C3CD_4dpi_2.tif,2080,1544,Dead,278,214,312,250
20200522 Hi5 + p5 Hi5_C3CD_4dpi_2.tif,2080,1544,Dead,34,294,65,335
20200522 Hi5 + p5 Hi5_C3CD_4dpi_2.tif,2080,1544,Dead,605,857,641,899
20200522 Hi5 + p5 Hi5_C3CD_4dpi_2.tif,2080,1544,Dead,688,857,717,889
20200522 Hi5 + p5 Hi5_C3CD_4dpi_2.tif,2080,1544,Dead,110,948,141,977
20200522 Hi5 + p5 Hi5_C3CD_4dpi_2.tif,2080,1544,Dead,1302,669,1329,701
20200522 Hi5 + p5 Hi5_C3CD_4dpi_2.tif,2080,1544,Dead,893,926,921,958
20200522 Hi5 + p5 Hi5_C3CD_4dpi_2.tif,2080,1544,Dead,1580,1267,1615,1297
20200522 Hi5 + p5 Hi5_C3CD_4dpi_2.tif,2080,1544,Dead,1980,684,2022,738
20200522 Hi5 + p5 Hi5_C3CD_4dpi_2.tif,2080,1544,Alive,1315,152,1360,196
20200522 Hi5 + p5 Hi5_C3CD_4dpi_2.tif,2080,1544,Alive,1363,142,1405,209
20200522 Hi5 + p5 Hi5_C3CD_4dpi_2.tif,2080,1544,Alive,377,864,412,901
20200522 Hi5 + p5 Hi5_C3CD_4dpi_2.tif,2080,1544,Alive,499,747,534,782
20200522 Hi5 + p5 Hi5_C3CD_4dpi_2.tif,2080,1544,Alive,473,1058,515,1104
20200522 Hi5 + p5 Hi5_C3CD_4dpi_2.tif,2080,1544,Alive,521,1020,560,1069
20200522 Hi5 + p5 Hi5_C3CD_4dpi_2.tif,2080,1544,Alive,531,1167,566,1213
20200522 Hi5 + p5 Hi5_C3CD_4dpi_2.tif,2080,1544,Alive,1285,1287,1327,1338
20200522 Hi5 + p5 Hi5_C3CD_4dpi_2.tif,2080,1544,Alive,1987,1391,2024,1431
20200522 Hi5 + p5 Hi5_C3CD_4dpi_2.tif,2080,1544,Alive,583,730,619,786
20200522 Hi5 + p5 Hi5_C3CD_4dpi_2.tif,2080,1544,Alive,683,558,714,599
20200522 Hi5 + p5 Hi5_C3CD_4dpi_2.tif,2080,1544,Alive,699,455,731,489
20200522 Hi5 + p5 Hi5_C3CD_4dpi_2.tif,2080,1544,Alive,261,484,302,525
20200522 NC1_1e6_1.tif,2080,1544,Dead,234,608,251,626
20200522 NC1_1e6_1.tif,2080,1544,Dead,353,1191,373,1208
20200522 NC1_1e6_1.tif,2080,1544,Dead,661,562,685,579
20200522 NC1_1e6_1.tif,2080,1544,Dead,927,387,946,404
20200522 NC1_1e6_1.tif,2080,1544,Dead,1243,650,1265,669
20200522 NC1_1e6_1.tif,2080,1544,Dead,1114,958,1132,974
20200522 NC1_1e6_1.tif,2080,1544,Dead,810,479,826,489
20200522 NC1_1e6_1.tif,2080,1544,Dead,932,31,948,50
20200522 NC1_1e6_1.tif,2080,1544,Dead,1960,847,1977,865
20200522 NC1_1e6_1.tif,2080,1544,Dead,1231,872,1253,891
20200522 NC1_1e6_1.tif,2080,1544,Dead,721,972,738,992
20200522 NC1_1e6_1.tif,2080,1544,Dead,583,1387,607,1409
20200522 NC1_1e6_1.tif,2080,1544,Dead,995,616,1012,633
20200522 NC1_1e6_1.tif,2080,1544,Dead,1000,665,1022,689
20200522 NC1_1e6_1.tif,2080,1544,Dead,1061,626,1075,647
20200522 NC1_1e6_1.tif,2080,1544,Dead,1353,172,1368,192
20200522 NC1_1e6_1.tif,2080,1544,Dead,1680,682,1699,704
20200522 NC1_1e6_1.tif,2080,1544,Dead,948,725,961,748
20200522 NC1_1e6_1.tif,2080,1544,Dead,1914,1103,1932,1125
20200522 NC1_1e6_1.tif,2080,1544,Dead,449,597,468,614
20200522 NC1_1e6_1.tif,2080,1544,Dead,1961,192,1983,214
20200522 NC1_1e6_1.tif,2080,1544,Dead,1990,403,2005,426
20200522 NC1_1e6_1.tif,2080,1544,Dead,1956,391,1980,409
20200522 NC1_1e6_1.tif,2080,1544,Dead,544,843,560,860
20200522 NC1_1e6_1.tif,2080,1544,Dead,49,123,71,145
20200522 NC1_1e6_1.tif,2080,1544,Alive,1315,609,1339,628
20200522 NC1_1e6_1.tif,2080,1544,Alive,1290,757,1309,775
20200522 NC1_1e6_1.tif,2080,1544,Alive,1497,984,1517,1008
20200522 NC1_1e6_1.tif,2080,1544,Alive,1665,881,1688,903
20200522 NC1_1e6_1.tif,2080,1544,Alive,1763,899,1782,926
20200522 NC1_1e6_1.tif,2080,1544,Alive,1588,862,1602,886
20200522 NC1_1e6_1.tif,2080,1544,Alive,1661,996,1690,1021
20200522 NC1_1e6_1.tif,2080,1544,Alive,1344,1053,1365,1077
20200522 NC1_1e6_1.tif,2080,1544,Alive,1373,847,1397,869
20200522 NC1_1e6_1.tif,2080,1544,Alive,890,870,910,894
20200522 NC1_1e6_1.tif,2080,1544,Alive,597,1279,619,1299
20200522 NC1_1e6_1.tif,2080,1544,Alive,1192,1096,1214,1120
20200522 NC1_1e6_1.tif,2080,1544,Alive,1126,796,1143,818
20200522 NC1_1e6_1.tif,2080,1544,Alive,1151,840,1173,860
20200522 NC1_1e6_1.tif,2080,1544,Alive,1278,674,1302,696
20200522 NC1_1e6_1.tif,2080,1544,Alive,1307,984,1324,1001
20200522 NC1_1e6_1.tif,2080,1544,Alive,963,992,983,1013
20200522 NC1_1e6_1.tif,2080,1544,Alive,597,738,619,762
20200522 NC1_1e6_1.tif,2080,1544,Alive,358,458,383,487
20200522 NC1_1e6_1.tif,2080,1544,Alive,139,1192,168,1225
20200522 NC1_1e6_1.tif,2080,1544,Alive,1946,533,1970,562
20200522 NC1_1e6_1.tif,2080,1544,Alive,1166,1450,1195,1472
20200522 NC1_1e6_1.tif,2080,1544,Alive,1912,1053,1938,1077
20200522 NC1_1e6_1.tif,2080,1544,Alive,1424,1397,1448,1418
20200522 NC1_1e6_1.tif,2080,1544,Alive,1619,672,1644,697
20200522 NC1_1e6_1.tif,2080,1544,Alive,1497,320,1521,340
20200522 NC1_1e6_1.tif,2080,1544,Alive,638,487,656,504
20200522 NC1_1e6_1.tif,2080,1544,Alive,512,935,534,952
20200522 NC1_1e6_1.tif,2080,1544,Alive,593,947,610,972
20200522 NC1_1e6_1.tif,2080,1544,Alive,580,1186,605,1209
20200522 NC1_1e6_1.tif,2080,1544,Alive,1432,1189,1456,1209
20200522 NC1_1e6_1.tif,2080,1544,Alive,1588,455,1609,479
20200522 NC1_1e6_1.tif,2080,1544,Alive,1456,794,1477,818
20200522 NC1_1e6_1.tif,2080,1544,Alive,1658,1118,1682,1148
20200522 NC1_1e6_1.tif,2080,1544,Alive,1260,1116,1280,1136
20200522 NC1_1e6_1.tif,2080,1544,Alive,732,204,756,225
20200522 NC1_1e6_1.tif,2080,1544,Alive,399,596,426,621
20200522 NC1_1e6_1.tif,2080,1544,Alive,232,186,251,206
20200522 NC1_1e6_1.tif,2080,1544,Alive,1736,572,1754,596
20200522 NC1_1e6_1.tif,2080,1544,Alive,1731,394,1754,420
20200522 NC1_1e6_1.tif,2080,1544,Alive,124,984,149,1011
20200522 NC1_1e6_1.tif,2080,1544,Alive,473,492,495,516
20200522 NC1_1e6_1.tif,2080,1544,Alive,177,220,197,236
20200522 NC1_1e6_1.tif,2080,1544,Alive,49,455,75,482
20200522 NC1_1e6_1.tif,2080,1544,Alive,93,825,115,848
20200522 NC1_1e6_1.tif,2080,1544,Alive,119,1425,144,1457
20200522 NC1_1e6_1.tif,2080,1544,Alive,390,1257,410,1277
20200522 NC1_1e6_1.tif,2080,1544,Alive,468,997,485,1014
20200522 NC1_1e6_1.tif,2080,1544,Alive,444,1108,461,1125
20200522 NC1_1e6_1.tif,2080,1544,Alive,339,730,361,752
20200522 NC1_1e6_1.tif,2080,1544,Alive,1439,892,1463,911
20200522 NC1_1e6_1.tif,2080,1544,Alive,1380,803,1404,821
20200522 NC1_1e6_1.tif,2080,1544,Alive,1421,370,1448,397
20200522 NC1_1e6_1.tif,2080,1544,Alive,1380,267,1409,291
20200522 NC1_1e6_1.tif,2080,1544,Alive,956,418,980,442
20200522 NC1_1e6_1.tif,2080,1544,Alive,560,484,575,508
20200522 NC1_1e6_1.tif,2080,1544,Alive,485,764,510,794
20200522 NC1_1e6_1.tif,2080,1544,Alive,400,911,427,936
20200522 NC1_1e6_1.tif,2080,1544,Alive,222,701,244,718
20200522 NC1_1e6_1.tif,2080,1544,Alive,107,777,122,791
20200522 NC1_1e6_1.tif,2080,1544,Alive,39,1018,66,1045
20200522 NC1_1e6_1.tif,2080,1544,Alive,19,992,39,1011
20200522 NC1_1e6_1.tif,2080,1544,Alive,249,1265,275,1282
20200522 NC1_1e6_1.tif,2080,1544,Alive,85,1335,112,1358
20200522 NC1_1e6_1.tif,2080,1544,Alive,83,258,105,282
20200522 NC1_1e6_1.tif,2080,1544,Alive,360,148,383,172
20200522 NC1_1e6_1.tif,2080,1544,Alive,338,111,356,138
20200522 NC1_1e6_1.tif,2080,1544,Alive,1183,660,1204,689
20200522 NC1_1e6_1.tif,2080,1544,Alive,958,1064,978,1086
20200522 NC1_1e6_1.tif,2080,1544,Alive,1046,1123,1070,1147
20200522 NC1_1e6_1.tif,2080,1544,Alive,980,1148,1007,1174
20200522 NC1_1e6_1.tif,2080,1544,Alive,965,1179,987,1197
20200522 NC1_1e6_1.tif,2080,1544,Alive,1165,1221,1187,1242
20200522 NC1_1e6_1.tif,2080,1544,Alive,1565,357,1582,372
20200522 NC1_1e6_1.tif,2080,1544,Alive,1558,238,1578,260
20200522 NC1_1e6_1.tif,2080,1544,Alive,1278,403,1299,430
20200522 NC1_1e6_1.tif,2080,1544,Alive,1009,420,1031,436
20200522 NC1_1e6_1.tif,2080,1544,Alive,1015,355,1049,374
20200522 NC1_1e6_1.tif,2080,1544,Alive,1283,579,1305,603
20200522 NC1_1e6_1.tif,2080,1544,Alive,836,789,860,806
20200522 NC1_1e6_1.tif,2080,1544,Alive,765,789,788,811
20200522 NC1_1e6_1.tif,2080,1544,Alive,546,872,566,894
20200522 NC1_1e6_1.tif,2080,1544,Alive,502,653,519,672
20200522 NC1_1e6_1.tif,2080,1544,Alive,282,375,302,394
20200522 NC1_1e6_1.tif,2080,1544,Alive,188,421,209,443
20200522 NC1_1e6_1.tif,2080,1544,Alive,190,477,214,494
20200522 NC1_1e6_1.tif,2080,1544,Alive,43,1099,65,1123
20200522 NC1_1e6_1.tif,2080,1544,Alive,678,696,699,726
20200522 NC1_1e6_1.tif,2080,1544,Alive,636,726,658,750
20200522 NC1_1e6_1.tif,2080,1544,Alive,665,770,685,799
20200522 NC1_1e6_1.tif,2080,1544,Alive,573,782,592,804
20200522 NC1_1e6_1.tif,2080,1544,Alive,807,718,829,745
20200522 NC1_1e6_1.tif,2080,1544,Alive,870,564,892,582
20200522 NC1_1e6_1.tif,2080,1544,Alive,521,506,546,531
20200522 NC1_1e6_1.tif,2080,1544,Alive,612,323,632,342
20200522 NC1_1e6_1.tif,2080,1544,Alive,661,252,683,269
20200522 NC1_1e6_1.tif,2080,1544,Alive,712,172,731,191
20200522 NC1_1e6_1.tif,2080,1544,Alive,1143,901,1165,923
20200522 NC1_1e6_1.tif,2080,1544,Alive,970,703,988,723
20200522 NC1_1e6_1.tif,2080,1544,Alive,760,843,777,869
20200522 NC1_1e6_1.tif,2080,1544,Alive,646,931,668,965
20200522 NC1_1e6_1.tif,2080,1544,Alive,963,1257,982,1281
20200522 NC1_1e6_1.tif,2080,1544,Alive,988,1291,1004,1320
20200522 NC1_1e6_1.tif,2080,1544,Alive,814,1335,839,1365
20200522 NC1_1e6_1.tif,2080,1544,Alive,656,1274,675,1296
20200522 NC1_1e6_1.tif,2080,1544,Alive,715,1397,744,1423
20200522 NC1_1e6_1.tif,2080,1544,Alive,744,1433,770,1464
20200522 NC1_1e6_1.tif,2080,1544,Alive,463,1440,483,1467
20200522 NC1_1e6_1.tif,2080,1544,Alive,371,1418,393,1445
20200522 NC1_1e6_1.tif,2080,1544,Alive,1495,1131,1521,1160
20200522 NC1_1e6_1.tif,2080,1544,Alive,1404,1284,1429,1314
20200522 NC1_1e6_1.tif,2080,1544,Alive,1434,1355,1453,1382
20200522 NC1_1e6_1.tif,2080,1544,Alive,1577,1160,1597,1179
20200522 NC1_1e6_1.tif,2080,1544,Alive,1588,1120,1604,1148
20200522 NC1_1e6_1.tif,2080,1544,Alive,1565,953,1588,977
20200522 NC1_1e6_1.tif,2080,1544,Alive,1573,774,1592,794
20200522 NC1_1e6_1.tif,2080,1544,Alive,1470,755,1500,779
20200522 NC1_1e6_1.tif,2080,1544,Alive,1639,281,1661,301
20200522 NC1_1e6_1.tif,2080,1544,Alive,1746,857,1766,877
20200522 NC1_1e6_1.tif,2080,1544,Alive,1878,913,1904,938
20200522 NC1_1e6_1.tif,2080,1544,Alive,1822,809,1843,840
20200522 NC1_1e6_1.tif,2080,1544,Alive,1768,499,1793,520
20200522 NC1_1e6_1.tif,2080,1544,Alive,1624,397,1644,425
20200522 NC1_1e6_1.tif,2080,1544,Alive,1371,226,1393,252
20200522 NC1_1e6_1.tif,2080,1544,Alive,727,455,748,475
20200522 NC1_1e6_1.tif,2080,1544,Alive,515,686,536,706
20200522 NC1_1e6_1.tif,2080,1544,Alive,375,1018,395,1038
20200522 NC1_1e6_1.tif,2080,1544,Alive,336,1062,365,1086
20200522 NC1_1e6_1.tif,2080,1544,Alive,100,1116,121,1143
20200522 NC1_1e6_1.tif,2080,1544,Alive,90,1247,115,1267
20200522 NC1_1e6_1.tif,2080,1544,Alive,251,570,270,591
20200522 NC1_1e6_1.tif,2080,1544,Alive,161,145,182,165
20200522 NC1_1e6_1.tif,2080,1544,Alive,185,118,210,147
20200522 NC1_1e6_1.tif,2080,1544,Alive,114,142,136,160
20200522 NC1_1e6_1.tif,2080,1544,Alive,863,1160,882,1175
20200522 NC1_1e6_1.tif,2080,1544,Alive,1177,992,1197,1016
20200522 NC1_1e6_1.tif,2080,1544,Alive,1460,930,1475,948
20200522 NC1_1e6_1.tif,2080,1544,Alive,1549,877,1571,909
20200522 NC1_1e6_1.tif,2080,1544,Alive,1510,762,1541,789
20200522 NC1_1e6_1.tif,2080,1544,Alive,1565,703,1587,725
20200522 NC1_1e6_1.tif,2080,1544,Alive,997,860,1021,891
20200522 NC1_1e6_1.tif,2080,1544,Alive,888,1421,912,1442
20200522 NC1_1e6_1.tif,2080,1544,Alive,600,1457,621,1481
20200522 NC1_1e6_1.tif,2080,1544,Alive,512,1262,538,1282
20200522 NC1_1e6_1.tif,2080,1544,Alive,336,884,353,908
20200522 NC1_1e6_1.tif,2080,1544,Alive,302,906,327,928
20200522 NC1_1e6_1.tif,2080,1544,Alive,214,884,231,903
20200522 NC1_1e6_1.tif,2080,1544,Alive,1185,711,1204,736
20200522 NC1_1e6_1.tif,2080,1544,Alive,1031,701,1051,728
20200522 NC1_1e6_1.tif,2080,1544,Alive,1068,914,1088,938
20200522 NC1_1e6_1.tif,2080,1544,Alive,1366,1108,1380,1131
20200522 NC1_1e6_1.tif,2080,1544,Alive,1380,1031,1399,1055
20200522 NC1_1e6_1.tif,2080,1544,Alive,1132,1326,1153,1357
20200522 NC1_1e6_1.tif,2080,1544,Alive,1085,1155,1105,1175
20200522 NC1_1e6_1.tif,2080,1544,Alive,1441,547,1465,577
20200522 NC1_1e6_1.tif,2080,1544,Dead,344,1304,365,1330
20200522 NC1_1e6_1.tif,2080,1544,Dead,400,1357,422,1382
20200522 NC1_1e6_1.tif,2080,1544,Dead,700,1338,715,1360
20200522 NC1_1e6_1.tif,2080,1544,Dead,804,1433,827,1457
20200522 NC1_1e6_1.tif,2080,1544,Dead,1397,592,1415,614
20200522 NC1_1e6_1.tif,2080,1544,Dead,1583,1306,1599,1325
20200522 NC1_1e6_1.tif,2080,1544,Dead,1946,797,1961,816
20200522 NC1_1e6_1.tif,2080,1544,Dead,1827,696,1851,721
20200522 NC1_1e6_1.tif,2080,1544,Dead,880,764,892,777
20200522 NC1_1e6_1.tif,2080,1544,Dead,493,957,515,986
20200522 NC1_1e6_1.tif,2080,1544,Dead,1599,1203,1615,1226
20200522 NC1_1e6_1.tif,2080,1544,Dead,1005,477,1026,496
20200522 NC1_1e6_1.tif,2080,1544,Dead,478,120,497,142
20200522 NC1_1e6_1.tif,2080,1544,Dead,424,411,443,431
20200522 NC1_1e6_1.tif,2080,1544,Dead,400,113,424,136
20200522 NC1_1e6_1.tif,2080,1544,Dead,1088,9,1104,36
20200522 NC1_1e6_1.tif,2080,1544,Dead,1729,89,1741,114
20200522 NC1_1e6_1.tif,2080,1544,Dead,1063,292,1082,311
20200522 NC1_1e6_1.tif,2080,1544,Dead,993,945,1012,967
20200522 NC1_1e6_1.tif,2080,1544,Dead,800,1264,826,1281
20200522 NC1_1e6_1.tif,2080,1544,Dead,656,870,682,887
20200522 NC1_1e6_1.tif,2080,1544,Dead,1817,286,1834,306
20200522 NC1_1e6_1.tif,2080,1544,Dead,1009,140,1027,153
20200522 NC1_1e6_1.tif,2080,1544,Alive,736,762,758,784
20200522 NC1_1e6_1.tif,2080,1544,Alive,907,477,934,504
20200522 NC1_1e6_1.tif,2080,1544,Alive,854,509,878,528
20200522 NC1_1e6_1.tif,2080,1544,Alive,1277,189,1302,220
20200522 NC1_1e6_1.tif,2080,1544,Alive,992,179,1015,208
20200522 NC1_1e6_1.tif,2080,1544,Alive,771,216,793,235
20200522 NC1_1e6_1.tif,2080,1544,Alive,217,326,236,358
20200522 NC1_1e6_1.tif,2080,1544,Alive,290,218,317,242
20200522 NC1_1e6_1.tif,2080,1544,Alive,490,389,515,416
20200522 NC1_1e6_1.tif,2080,1544,Alive,587,479,609,506
20200522 NC1_1e6_1.tif,2080,1544,Alive,619,358,646,386
20200522 NC1_1e6_1.tif,2080,1544,Alive,660,347,682,370
20200522 NC1_1e6_1.tif,2080,1544,Alive,417,294,443,321
20200522 NC1_1e6_1.tif,2080,1544,Alive,266,343,287,360
20200522 NC1_1e6_1.tif,2080,1544,Alive,95,696,122,713
20200522 NC1_1e6_1.tif,2080,1544,Alive,146,730,177,755
20200522 NC1_1e6_1.tif,2080,1544,Alive,9,709,34,733
20200522 NC1_1e6_1.tif,2080,1544,Alive,32,808,54,830
20200522 NC1_1e6_1.tif,2080,1544,Alive,129,520,151,540
20200522 NC1_1e6_1.tif,2080,1544,Alive,34,1311,51,1328
20200522 NC1_1e6_1.tif,2080,1544,Alive,160,1036,185,1062
20200522 NC1_1e6_1.tif,2080,1544,Alive,380,750,402,775
20200522 NC1_1e6_1.tif,2080,1544,Alive,817,365,839,387
20200522 NC1_1e6_1.tif,2080,1544,Alive,865,257,882,282
20200522 NC1_1e6_1.tif,2080,1544,Alive,895,233,914,250
20200522 NC1_1e6_1.tif,2080,1544,Alive,914,279,938,306
20200522 NC1_1e6_1.tif,2080,1544,Alive,1219,313,1241,333
20200522 NC1_1e6_1.tif,2080,1544,Alive,1282,235,1302,260
20200522 NC1_1e6_1.tif,2080,1544,Alive,1148,408,1171,433
20200522 NC1_1e6_1.tif,2080,1544,Alive,1204,389,1226,411
20200522 NC1_1e6_1.tif,2080,1544,Alive,1283,460,1305,482
20200522 NC1_1e6_1.tif,2080,1544,Alive,1087,545,1107,569
20200522 NC1_1e6_1.tif,2080,1544,Alive,900,662,921,679
20200522 NC1_1e6_1.tif,2080,1544,Alive,861,692,888,721
20200522 NC1_1e6_1.tif,2080,1544,Alive,760,897,780,921
20200522 NC1_1e6_1.tif,2080,1544,Alive,1082,1104,1105,1125
20200522 NC1_1e6_1.tif,2080,1544,Alive,1197,916,1217,938
20200522 NC1_1e6_1.tif,2080,1544,Alive,1646,733,1666,753
20200522 NC1_1e6_1.tif,2080,1544,Alive,1848,530,1871,553
20200522 NC1_1e6_1.tif,2080,1544,Alive,2041,518,2066,547
20200522 NC1_1e6_1.tif,2080,1544,Alive,1812,628,1832,645
20200522 NC1_1e6_1.tif,2080,1544,Alive,1632,923,1651,945
20200522 NC1_1e6_1.tif,2080,1544,Alive,1578,1003,1604,1030
20200522 NC1_2e6_1.tif,2080,1544,Dead,1202,155,1226,182
20200522 NC1_2e6_1.tif,2080,1544,Dead,912,1136,941,1157
20200522 NC1_2e6_1.tif,2080,1544,Dead,1029,1440,1051,1464
20200522 NC1_2e6_1.tif,2080,1544,Dead,1527,1167,1553,1192
20200522 NC1_2e6_1.tif,2080,1544,Dead,671,1169,692,1184
20200522 NC1_2e6_1.tif,2080,1544,Dead,1363,850,1377,874
20200522 NC1_2e6_1.tif,2080,1544,Dead,1902,613,1919,631
20200522 NC1_2e6_1.tif,2080,1544,Dead,1961,572,1995,589
20200522 NC1_2e6_1.tif,2080,1544,Dead,1968,557,1987,567
20200522 NC1_2e6_1.tif,2080,1544,Dead,2031,487,2054,509
20200522 NC1_2e6_1.tif,2080,1544,Dead,1812,157,1838,189
20200522 NC1_2e6_1.tif,2080,1544,Dead,1660,358,1688,379
20200522 NC1_2e6_1.tif,2080,1544,Dead,1029,118,1051,142
20200522 NC1_2e6_1.tif,2080,1544,Dead,621,108,641,125
20200522 NC1_2e6_1.tif,2080,1544,Dead,939,26,956,47
20200522 NC1_2e6_1.tif,2080,1544,Dead,219,308,243,328
20200522 NC1_2e6_1.tif,2080,1544,Dead,353,621,373,650
20200522 NC1_2e6_1.tif,2080,1544,Dead,739,465,756,487
20200522 NC1_2e6_1.tif,2080,1544,Dead,1260,1304,1283,1326
20200522 NC1_2e6_1.tif,2080,1544,Dead,931,1391,954,1420
20200522 NC1_2e6_1.tif,2080,1544,Dead,565,1294,590,1314
20200522 NC1_2e6_1.tif,2080,1544,Dead,446,411,470,435
20200522 NC1_2e6_1.tif,2080,1544,Dead,1082,1467,1114,1487
20200522 NC1_2e6_1.tif,2080,1544,Dead,1041,1196,1073,1221
20200522 NC1_2e6_1.tif,2080,1544,Dead,553,1342,570,1364
20200522 NC1_2e6_1.tif,2080,1544,Dead,843,1279,860,1296
20200522 NC1_2e6_1.tif,2080,1544,Dead,849,1111,878,1136
20200522 NC1_2e6_1.tif,2080,1544,Dead,1477,1118,1495,1142
20200522 NC1_2e6_1.tif,2080,1544,Dead,1515,1060,1541,1082
20200522 NC1_2e6_1.tif,2080,1544,Dead,892,684,915,701
20200522 NC1_2e6_1.tif,2080,1544,Dead,1641,84,1658,109
20200522 NC1_2e6_1.tif,2080,1544,Dead,1856,23,1878,50
20200522 NC1_2e6_1.tif,2080,1544,Dead,1905,33,1929,55
20200522 NC1_2e6_1.tif,2080,1544,Dead,1307,514,1336,540
20200522 NC1_2e6_1.tif,2080,1544,Dead,1509,1258,1531,1284
20200522 NC1_2e6_1.tif,2080,1544,Dead,1897,1165,1915,1189
20200522 NC1_2e6_1.tif,2080,1544,Dead,1860,706,1880,730
20200522 NC1_2e6_1.tif,2080,1544,Dead,409,855,429,877
20200522 NC1_2e6_1.tif,2080,1544,Dead,19,689,39,709
20200522 NC1_2e6_1.tif,2080,1544,Dead,100,372,119,394
20200522 NC1_2e6_1.tif,2080,1544,Dead,385,558,407,582
20200522 NC1_2e6_1.tif,2080,1544,Dead,1295,1089,1312,1118
20200522 NC1_2e6_1.tif,2080,1544,Dead,1115,1097,1139,1120
20200522 NC1_2e6_1.tif,2080,1544,Dead,1417,533,1434,558
20200522 NC1_2e6_1.tif,2080,1544,Dead,982,381,1002,401
20200522 NC1_2e6_1.tif,2080,1544,Dead,1093,469,1114,487
20200522 NC1_2e6_1.tif,2080,1544,Dead,822,486,844,506
20200522 NC1_2e6_1.tif,2080,1544,Dead,1643,1492,1661,1516
20200522 NC1_2e6_1.tif,2080,1544,Dead,1807,1103,1824,1126
20200522 NC1_2e6_1.tif,2080,1544,Dead,1883,438,1899,460
20200522 NC1_2e6_1.tif,2080,1544,Dead,1482,850,1502,875
20200522 NC1_2e6_1.tif,2080,1544,Alive,688,606,717,635
20200522 NC1_2e6_1.tif,2080,1544,Alive,68,930,95,952
20200522 NC1_2e6_1.tif,2080,1544,Alive,56,1042,83,1067
20200522 NC1_2e6_1.tif,2080,1544,Alive,939,918,960,940
20200522 NC1_2e6_1.tif,2080,1544,Alive,1131,742,1161,769
20200522 NC1_2e6_1.tif,2080,1544,Alive,1085,275,1115,294
20200522 NC1_2e6_1.tif,2080,1544,Alive,836,343,865,370
20200522 NC1_2e6_1.tif,2080,1544,Alive,938,457,961,475
20200522 NC1_2e6_1.tif,2080,1544,Alive,504,403,524,425
20200522 NC1_2e6_1.tif,2080,1544,Alive,1141,228,1168,252
20200522 NC1_2e6_1.tif,2080,1544,Alive,1099,43,1127,69
20200522 NC1_2e6_1.tif,2080,1544,Alive,1454,77,1478,101
20200522 NC1_2e6_1.tif,2080,1544,Alive,1473,214,1499,245
20200522 NC1_2e6_1.tif,2080,1544,Alive,1493,330,1515,353
20200522 NC1_2e6_1.tif,2080,1544,Alive,1573,484,1600,509
20200522 NC1_2e6_1.tif,2080,1544,Alive,1463,447,1483,472
20200522 NC1_2e6_1.tif,2080,1544,Alive,1388,396,1410,418
20200522 NC1_2e6_1.tif,2080,1544,Alive,1343,153,1368,175
20200522 NC1_2e6_1.tif,2080,1544,Alive,921,321,944,347
20200522 NC1_2e6_1.tif,2080,1544,Alive,663,347,683,369
20200522 NC1_2e6_1.tif,2080,1544,Alive,324,555,348,581
20200522 NC1_2e6_1.tif,2080,1544,Alive,14,628,41,652
20200522 NC1_2e6_1.tif,2080,1544,Alive,312,843,332,870
20200522 NC1_2e6_1.tif,2080,1544,Alive,807,667,827,691
20200522 NC1_2e6_1.tif,2080,1544,Alive,1417,753,1436,772
20200522 NC1_2e6_1.tif,2080,1544,Alive,804,1223,826,1247
20200522 NC1_2e6_1.tif,2080,1544,Alive,1088,1050,1112,1069
20200522 NC1_2e6_1.tif,2080,1544,Alive,1541,975,1561,1003
20200522 NC1_2e6_1.tif,2080,1544,Alive,1077,386,1099,413
20200522 NC1_2e6_1.tif,2080,1544,Alive,1266,469,1292,492
20200522 NC1_2e6_1.tif,2080,1544,Alive,1171,545,1190,572
20200522 NC1_2e6_1.tif,2080,1544,Alive,870,718,892,743
20200522 NC1_2e6_1.tif,2080,1544,Alive,782,692,802,720
20200522 NC1_2e6_1.tif,2080,1544,Alive,932,1052,953,1075
20200522 NC1_2e6_1.tif,2080,1544,Alive,1119,994,1146,1016
20200522 NC1_2e6_1.tif,2080,1544,Alive,1229,952,1249,975
20200522 NC1_2e6_1.tif,2080,1544,Alive,1429,797,1451,820
20200522 NC1_2e6_1.tif,2080,1544,Alive,1227,382,1248,411
20200522 NC1_2e6_1.tif,2080,1544,Alive,456,279,482,309
20200522 NC1_2e6_1.tif,2080,1544,Alive,734,160,753,182
20200522 NC1_2e6_1.tif,2080,1544,Alive,641,389,666,411
20200522 NC1_2e6_1.tif,2080,1544,Alive,283,1335,305,1352
20200522 NC1_2e6_1.tif,2080,1544,Alive,671,977,692,1001
20200522 NC1_2e6_1.tif,2080,1544,Alive,648,1106,666,1128
20200522 NC1_2e6_1.tif,2080,1544,Alive,893,196,921,221
20200522 NC1_2e6_1.tif,2080,1544,Alive,119,869,146,886
20200522 NC1_2e6_1.tif,2080,1544,Alive,470,1214,487,1236
20200522 NC1_2e6_1.tif,2080,1544,Alive,888,987,912,1004
20200522 NC1_2e6_1.tif,2080,1544,Alive,965,675,992,703
20200522 NC1_2e6_1.tif,2080,1544,Alive,1078,655,1110,675
20200522 NC1_2e6_1.tif,2080,1544,Alive,1463,592,1485,623
20200522 NC1_2e6_1.tif,2080,1544,Alive,1626,828,1653,852
20200522 NC1_2e6_1.tif,2080,1544,Alive,1609,892,1629,916
20200522 NC1_2e6_1.tif,2080,1544,Alive,1705,857,1726,887
20200522 NC1_2e6_1.tif,2080,1544,Alive,1549,1030,1578,1058
20200522 NC1_2e6_1.tif,2080,1544,Alive,1304,975,1334,1006
20200522 NC1_2e6_1.tif,2080,1544,Alive,1399,908,1417,931
20200522 NC1_2e6_1.tif,2080,1544,Alive,1443,913,1466,933
20200522 NC1_2e6_1.tif,2080,1544,Alive,1221,1014,1244,1035
20200522 NC1_2e6_1.tif,2080,1544,Alive,1617,1187,1639,1213
20200522 NC1_2e6_1.tif,2080,1544,Alive,1722,1045,1743,1067
20200522 NC1_2e6_1.tif,2080,1544,Alive,1834,1040,1861,1072
20200522 NC1_2e6_1.tif,2080,1544,Alive,1863,896,1885,921
20200522 NC1_2e6_1.tif,2080,1544,Alive,1939,823,1965,848
20200522 NC1_2e6_1.tif,2080,1544,Alive,1797,669,1819,692
20200522 NC1_2e6_1.tif,2080,1544,Alive,1790,604,1815,625
20200522 NC1_2e6_1.tif,2080,1544,Alive,1749,557,1773,574
20200522 NC1_2e6_1.tif,2080,1544,Alive,1678,209,1699,238
20200522 NC1_2e6_1.tif,2080,1544,Alive,1704,221,1722,245
20200522 NC1_2e6_1.tif,2080,1544,Alive,1399,223,1417,253
20200522 NC1_2e6_1.tif,2080,1544,Alive,390,677,412,699
20200522 NC1_2e6_1.tif,2080,1544,Alive,454,914,477,935
20200522 NC1_2e6_1.tif,2080,1544,Alive,417,891,441,913
20200522 NC1_2e6_1.tif,2080,1544,Alive,490,770,510,796
20200522 NC1_2e6_1.tif,2080,1544,Alive,300,486,329,520
20200522 NC1_2e6_1.tif,2080,1544,Alive,71,560,100,589
20200522 NC1_2e6_1.tif,2080,1544,Alive,109,565,129,584
20200522 NC1_2e6_1.tif,2080,1544,Alive,221,60,243,82
20200522 NC1_2e6_1.tif,2080,1544,Alive,475,89,493,109
20200522 NC1_2e6_1.tif,2080,1544,Alive,293,255,314,277
20200522 NC1_2e6_1.tif,2080,1544,Alive,271,296,295,320
20200522 NC1_2e6_1.tif,2080,1544,Alive,212,238,231,260
20200522 NC1_2e6_1.tif,2080,1544,Alive,275,20,302,38
20200522 NC1_2e6_1.tif,2080,1544,Alive,217,1087,231,1109
20200522 NC1_2e6_1.tif,2080,1544,Alive,175,1091,192,1113
20200522 NC1_2e6_1.tif,2080,1544,Alive,377,1055,392,1079
20200522 NC1_2e6_1.tif,2080,1544,Alive,515,1028,536,1048
20200522 NC1_2e6_1.tif,2080,1544,Alive,500,1052,519,1069
20200522 NC1_2e6_1.tif,2080,1544,Alive,497,1109,507,1133
20200522 NC1_2e6_1.tif,2080,1544,Alive,460,1057,488,1079
20200522 NC1_2e6_1.tif,2080,1544,Alive,395,755,417,772
20200522 NC1_2e6_1.tif,2080,1544,Alive,193,665,210,686
20200522 NC1_2e6_1.tif,2080,1544,Alive,187,987,204,1008
20200522 NC1_2e6_1.tif,2080,1544,Alive,5,1335,26,1358
20200522 NC1_2e6_1.tif,2080,1544,Alive,434,325,453,348
20200522 NC1_2e6_1.tif,2080,1544,Alive,695,453,710,475
20200522 NC1_2e6_1.tif,2080,1544,Alive,663,848,688,867
20200522 NC1_2e6_1.tif,2080,1544,Alive,565,931,585,958
20200522 NC1_2e6_1.tif,2080,1544,Alive,622,920,644,947
20200522 NC1_2e6_1.tif,2080,1544,Alive,636,892,663,913
20200522 NC1_2e6_1.tif,2080,1544,Alive,468,664,488,692
20200522 NC1_2e6_1.tif,2080,1544,Alive,300,977,322,996
20200522 NC1_2e6_1.tif,2080,1544,Alive,660,755,678,781
20200522 NC1_2e6_1.tif,2080,1544,Alive,485,897,510,923
20200522 NC1_2e6_1.tif,2080,1544,Alive,246,1194,266,1216
20200522 NC1_2e6_1.tif,2080,1544,Alive,222,1235,239,1264
20200522 NC1_2e6_1.tif,2080,1544,Alive,712,758,729,779
20200522 NC1_2e6_1.tif,2080,1544,Alive,793,784,807,809
20200522 NC1_2e6_1.tif,2080,1544,Alive,780,909,802,931
20200522 NC1_2e6_1.tif,2080,1544,Alive,1036,952,1048,972
20200522 NC1_2e6_1.tif,2080,1544,Alive,1122,952,1146,972
20200522 NC1_2e6_1.tif,2080,1544,Alive,1331,477,1353,494
20200522 NC1_2e6_1.tif,2080,1544,Alive,1178,382,1197,418
20200522 NC1_2e6_1.tif,2080,1544,Alive,1092,150,1107,179
20200522 NC1_2e6_1.tif,2080,1544,Alive,1124,121,1143,142
20200522 NC1_2e6_1.tif,2080,1544,Alive,553,435,575,457
20200522 NC1_2e6_1.tif,2080,1544,Alive,587,369,605,387
20200522 NC1_2e6_1.tif,2080,1544,Alive,402,104,415,118
20200522 NC1_2e6_1.tif,2080,1544,Alive,341,96,354,111
20200522 NC1_2e6_1.tif,2080,1544,Alive,87,145,109,165
20200522 NC1_2e6_1.tif,2080,1544,Alive,502,152,527,174
20200522 NC1_2e6_1.tif,2080,1544,Alive,785,362,804,384
20200522 NC1_2e6_1.tif,2080,1544,Alive,1368,714,1392,726
20200522 NC1_2e6_1.tif,2080,1544,Alive,1287,711,1307,735
20200522 NC1_2e6_1.tif,2080,1544,Alive,1171,711,1197,728
20200522 NC1_2e6_1.tif,2080,1544,Alive,1197,643,1221,670
20200522 NC1_2e6_1.tif,2080,1544,Alive,1204,540,1222,567
20200522 NC1_2e6_1.tif,2080,1544,Alive,1034,533,1056,557
20200522 NC1_2e6_1.tif,2080,1544,Alive,592,516,614,533
20200522 NC1_2e6_1.tif,2080,1544,Alive,612,275,632,303
20200522 NC1_2e6_1.tif,2080,1544,Alive,509,265,534,294
20200522 NC1_2e6_1.tif,2080,1544,Alive,580,191,602,213
20200522 NC1_2e6_1.tif,2080,1544,Alive,646,257,668,279
20200522 NC1_2e6_1.tif,2080,1544,Alive,404,394,421,408
20200522 NC1_2e6_1.tif,2080,1544,Alive,795,597,815,613
20200522 NC1_2e6_1.tif,2080,1544,Alive,1105,797,1119,820
20200522 NC1_2e6_1.tif,2080,1544,Alive,1160,801,1175,821
20200522 NC1_2e6_1.tif,2080,1544,Alive,990,918,1005,942
20200522 NC1_2e6_1.tif,2080,1544,Alive,939,833,961,855
20200522 NC1_2e6_1.tif,2080,1544,Alive,738,818,756,835
20200522 NC1_2e6_1.tif,2080,1544,Alive,695,1045,712,1062
20200522 NC1_2e6_1.tif,2080,1544,Alive,699,1018,724,1040
20200522 NC1_2e6_1.tif,2080,1544,Alive,514,1225,534,1247
20200522 NC1_2e6_1.tif,2080,1544,Alive,600,1169,617,1184
20200522 NC1_2e6_1.tif,2080,1544,Alive,1677,933,1693,953
20200522 NC1_2e6_1.tif,2080,1544,Alive,1605,1070,1624,1092
20200522 NC1_2e6_1.tif,2080,1544,Alive,1651,1099,1670,1118
20200522 NC1_2e6_1.tif,2080,1544,Alive,1814,945,1827,967
20200522 NC1_2e6_1.tif,2080,1544,Alive,1639,674,1654,696
20200522 NC1_2e6_1.tif,2080,1544,Alive,1583,642,1600,665
20200522 NC1_2e6_1.tif,2080,1544,Alive,1558,743,1573,765
20200522 NC1_2e6_1.tif,2080,1544,Alive,1766,370,1783,387
20200522 NC1_2e6_1.tif,2080,1544,Alive,1856,331,1880,362
20200522 NC1_2e6_1.tif,2080,1544,Alive,2024,297,2056,318
20200522 NC1_2e6_1.tif,2080,1544,Alive,1705,750,1722,777
20200522 NC1_2e6_1.tif,2080,1544,Alive,1078,1131,1105,1152
20200522 NC1_2e6_1.tif,2080,1544,Alive,1304,1162,1326,1191
20200522 NC1_2e6_1.tif,2080,1544,Alive,1370,1386,1388,1416
20200522 NC1_2e6_1.tif,2080,1544,Alive,1238,1381,1263,1401
20200522 NC1_2e6_1.tif,2080,1544,Alive,1265,1450,1297,1472
20200522 NC1_2e6_1.tif,2080,1544,Alive,1134,1445,1160,1469
20200522 NC1_2e6_1.tif,2080,1544,Alive,1209,1472,1231,1492
20200522 NC1_2e6_1.tif,2080,1544,Alive,868,1150,893,1177
20200522 NC1_2e6_1.tif,2080,1544,Alive,787,875,805,901
20200522 NC1_2e6_1.tif,2080,1544,Alive,793,1133,812,1153
20200522 NC1_2e6_1.tif,2080,1544,Alive,748,1326,768,1353
20200522 NC1_2e6_1.tif,2080,1544,Alive,797,1294,812,1314
20200522 NC1_2e6_1.tif,2080,1544,Alive,866,1260,890,1279
20200522 NC1_2e6_1.tif,2080,1544,Alive,527,1430,551,1455
20200522 NC1_2e6_1.tif,2080,1544,Alive,478,1394,497,1428
20200522 NC1_2e6_1.tif,2080,1544,Alive,285,1443,307,1467
20200522 NC1_2e6_1.tif,2080,1544,Alive,663,496,688,521
20200522 NC1_2e6_1.tif,2080,1544,Alive,644,558,656,581
20200522 NC1_2e6_1.tif,2080,1544,Alive,904,96,926,120
20200522 NC1_2e6_1.tif,2080,1544,Alive,1419,147,1434,174
20200522 NC1_2e6_1.tif,2080,1544,Alive,1275,340,1295,358
20200522 NC1_2e6_1.tif,2080,1544,Alive,1839,1197,1863,1220
20200522 NC1_2e6_1.tif,2080,1544,Alive,1751,1297,1771,1314
20200522 NC1_2e6_1.tif,2080,1544,Alive,1936,1075,1960,1109
20200522 NC1_2e6_1.tif,2080,1544,Alive,2000,1106,2024,1128
20200522 NC1_2e6_1.tif,2080,1544,Alive,1961,1275,1983,1294
20200522 NC1_2e6_1.tif,2080,1544,Alive,2005,1162,2026,1182
20200522 NC1_2e6_1.tif,2080,1544,Alive,1926,703,1943,731
20200522 NC1_2e6_1.tif,2080,1544,Alive,2012,720,2027,743
20200522 NC1_2e6_1.tif,2080,1544,Alive,1183,1157,1210,1170
20200522 NC1_2e6_1.tif,2080,1544,Alive,1173,1297,1193,1320
20200522 NC1_2e6_1.tif,2080,1544,Alive,748,1103,763,1121
20200522 NC1_2e6_1.tif,2080,1544,Alive,665,1245,692,1274
20200522 NC1_2e6_1.tif,2080,1544,Alive,344,1428,371,1452
20200522 NC1_2e6_1.tif,2080,1544,Alive,699,1375,719,1396
20200522 NC1_2e6_1.tif,2080,1544,Alive,922,1238,944,1258
20200522 NC1_2e6_1.tif,2080,1544,Alive,948,1209,973,1233
20200522 NC1_2e6_1.tif,2080,1544,Alive,904,1331,924,1355
20200522 NC1_2e6_1.tif,2080,1544,Alive,960,586,987,601
20200522 NC1_2e6_1.tif,2080,1544,Alive,1019,257,1041,274
20200522 NC1_2e6_1.tif,2080,1544,Alive,1046,203,1065,231
20200522 NC1_2e6_1.tif,2080,1544,Alive,607,664,624,687
20200522 NC1_2e6_1.tif,2080,1544,Alive,495,570,514,599
20200522 NC1_2e6_1.tif,2080,1544,Alive,273,503,292,536
20200522 NC1_2e6_1.tif,2080,1544,Alive,121,418,144,443
20200522 NC1_2e6_1.tif,2080,1544,Alive,407,999,424,1023
20200522 NC1_2e6_1.tif,2080,1544,Alive,770,1191,792,1220
20200522 NC1_2e6_1.tif,2080,1544,Alive,927,1447,946,1464
20200522 NC1_2e6_1.tif,2080,1544,Alive,1268,126,1287,152
20200522 NC1_2e6_1.tif,2080,1544,Alive,1046,67,1066,87
20200522 NC1_2e6_1.tif,2080,1544,Alive,1170,52,1190,79
20200522 NC1_2e6_1.tif,2080,1544,Alive,1212,58,1236,82
20200522 NC1_2e6_1.tif,2080,1544,Alive,1424,323,1439,342
20200522 NC1_2e6_1.tif,2080,1544,Alive,1504,287,1524,314
20200522 NC1_2e6_1.tif,2080,1544,Alive,1858,213,1875,233
20200522 NC1_2e6_1.tif,2080,1544,Alive,1861,279,1880,308
20200522 NC1_2e6_1.tif,2080,1544,Alive,1888,216,1905,233
20200522 NC1_2e6_1.tif,2080,1544,Alive,1970,247,1985,274
20200522 NC1_2e6_1.tif,2080,1544,Alive,1921,296,1948,316
20200522 NC1_2e6_1.tif,2080,1544,Alive,1960,375,1985,396
20200522 NC1_2e6_1.tif,2080,1544,Alive,2002,397,2015,416
20200522 NC1_2e6_1.tif,2080,1544,Alive,1612,794,1629,811
20200522 NC1_2e6_1.tif,2080,1544,Alive,1895,960,1921,982
20200522 NC1_2e6_1.tif,2080,1544,Alive,1997,975,2017,996
20200522 NC1_2e6_1.tif,2080,1544,Alive,2000,877,2022,911
20200522 NC1_2e6_1.tif,2080,1544,Alive,1229,906,1248,926
20200522 NC1_2e6_1.tif,2080,1544,Alive,839,1070,860,1099
20200522 NC1_2e6_1.tif,2080,1544,Alive,821,1045,839,1069
20200522 NC1_2e6_1.tif,2080,1544,Alive,819,1089,838,1114
20200522 NC1_2e6_1.tif,2080,1544,Alive,812,118,826,143
20200522 NC1_2e6_1.tif,2080,1544,Dead,448,181,465,203
20200522 NC1_2e6_1.tif,2080,1544,Dead,80,1157,107,1177
20200522 NC1_2e6_1.tif,2080,1544,Dead,1568,1106,1583,1121
20200522 NC1_2e6_1.tif,2080,1544,Dead,1151,196,1170,216
20200522 NC1_2e6_1.tif,2080,1544,Dead,1827,494,1851,516
20200522 NC1_2e6_1.tif,2080,1544,Dead,1880,482,1899,509
20200522 NC1_2e6_1.tif,2080,1544,Dead,1724,1394,1739,1416
20200522 NC1_2e6_1.tif,2080,1544,Dead,1744,1430,1760,1447
20200522 NC1_2e6_1.tif,2080,1544,Dead,844,816,863,836
20200522 NC1_2e6_1.tif,2080,1544,Dead,1032,328,1058,353
20200522 NC1_2e6_1.tif,2080,1544,Dead,515,726,536,752
20200522 NC1_2e6_1.tif,2080,1544,Dead,361,418,380,438
20200522 NC1_2e6_1.tif,2080,1544,Dead,222,567,251,589
20200522 NC1_2e6_1.tif,2080,1544,Dead,339,770,363,799
20200522 NC1_2e6_1.tif,2080,1544,Dead,1746,82,1761,108
20200522 NC1_2e6_1.tif,2080,1544,Dead,1721,36,1734,57
20200522 NC1_2e6_1.tif,2080,1544,Dead,1982,175,1999,203
20200522 NC1_2e6_1.tif,2080,1544,Dead,678,570,702,587
20200522 NC1_2e6_1.tif,2080,1544,Dead,151,772,175,792
20200522 NC1_2e6_1.tif,2080,1544,Dead,1293,1311,1310,1333
20200522 NC1_2e6_2.tif,2080,1544,Dead,907,692,946,731
20200522 NC1_2e6_2.tif,2080,1544,Dead,632,550,671,591
20200522 NC1_2e6_2.tif,2080,1544,Dead,648,640,693,681
20200522 NC1_2e6_2.tif,2080,1544,Dead,1517,253,1561,303
20200522 NC1_2e6_2.tif,2080,1544,Dead,1480,597,1507,633
20200522 NC1_2e6_2.tif,2080,1544,Dead,1931,589,1973,638
20200522 NC1_2e6_2.tif,2080,1544,Dead,1065,1197,1097,1233
20200522 NC1_2e6_2.tif,2080,1544,Dead,770,1484,815,1521
20200522 NC1_2e6_2.tif,2080,1544,Dead,1063,1475,1110,1513
20200522 NC1_2e6_2.tif,2080,1544,Dead,1175,1425,1210,1464
20200522 NC1_2e6_2.tif,2080,1544,Dead,2004,1126,2048,1170
20200522 NC1_2e6_2.tif,2080,1544,Dead,90,1294,126,1331
20200522 NC1_2e6_2.tif,2080,1544,Dead,451,984,488,1026
20200522 NC1_2e6_2.tif,2080,1544,Dead,127,553,158,586
20200522 NC1_2e6_2.tif,2080,1544,Dead,278,191,321,226
20200522 NC1_2e6_2.tif,2080,1544,Dead,1877,64,1912,104
20200522 NC1_2e6_2.tif,2080,1544,Alive,1024,840,1077,886
20200522 NC1_2e6_2.tif,2080,1544,Alive,1305,599,1361,648
20200522 NC1_2e6_2.tif,2080,1544,Alive,1100,182,1146,233
20200522 NC1_2e6_2.tif,2080,1544,Alive,1129,87,1171,135
20200522 NC1_2e6_2.tif,2080,1544,Alive,997,136,1034,174
20200522 NC1_2e6_2.tif,2080,1544,Alive,919,157,963,203
20200522 NC1_2e6_2.tif,2080,1544,Alive,1021,484,1080,540
20200522 NC1_2e6_2.tif,2080,1544,Alive,668,350,712,389
20200522 NC1_2e6_2.tif,2080,1544,Alive,305,720,351,762
20200522 NC1_2e6_2.tif,2080,1544,Alive,380,701,422,743
20200522 NC1_2e6_2.tif,2080,1544,Alive,543,531,588,570
20200522 NC1_2e6_2.tif,2080,1544,Alive,77,336,124,369
20200522 NC1_2e6_2.tif,2080,1544,Alive,102,42,158,103
20200522 NC1_2e6_2.tif,2080,1544,Alive,129,408,177,450
20200522 NC1_2e6_2.tif,2080,1544,Alive,321,333,354,372
20200522 NC1_2e6_2.tif,2080,1544,Alive,388,157,426,191
20200522 NC1_2e6_2.tif,2080,1544,Alive,1538,558,1575,597
20200522 NC1_2e6_2.tif,2080,1544,Alive,1512,425,1549,464
20200522 NC1_2e6_2.tif,2080,1544,Alive,1773,303,1810,342
20200522 NC1_2e6_2.tif,2080,1544,Alive,1234,584,1270,625
20200522 NC1_2e6_2.tif,2080,1544,Alive,1071,352,1109,397
20200522 NC1_2e6_2.tif,2080,1544,Alive,995,348,1036,401
20200522 NC1_2e6_2.tif,2080,1544,Alive,312,1135,351,1174
20200522 NC1_2e6_2.tif,2080,1544,Alive,143,1233,182,1265
20200522 NC1_2e6_2.tif,2080,1544,Alive,270,1350,310,1382
20200522 NC1_2e6_2.tif,2080,1544,Alive,239,1382,283,1420
20200522 NC1_2e6_2.tif,2080,1544,Alive,934,1335,982,1386
20200522 NC1_2e6_2.tif,2080,1544,Alive,1724,740,1768,786
20200522 NC1_2e6_2.tif,2080,1544,Alive,1771,667,1814,720
20200522 NC1_2e6_2.tif,2080,1544,Alive,1838,864,1893,916
20200522 NC1_2e6_2.tif,2080,1544,Alive,1927,869,1980,914
20200522 NC1_2e6_2.tif,2080,1544,Alive,1843,1023,1892,1074
20200522 NC1_2e6_2.tif,2080,1544,Alive,1614,1226,1661,1279
20200522 NC1_2e6_2.tif,2080,1544,Alive,1388,1326,1424,1355
20200522 NC1_2e6_2.tif,2080,1544,Alive,1173,1213,1205,1253
20200522 NC1_2e6_2.tif,2080,1544,Alive,1992,1192,2029,1230
20200522 NC1_2e6_2.tif,2080,1544,Alive,800,1138,843,1174
20200522 NC1_2e6_2.tif,2080,1544,Alive,287,833,327,872
20200522 NC1_2e6_2.tif,2080,1544,Alive,261,1101,292,1131
20200522 NC1_2e6_2.tif,2080,1544,Alive,138,1343,170,1374
20200522 NC1_2e6_2.tif,2080,1544,Alive,982,565,1026,611
20200522 NC1_2e6_2.tif,2080,1544,Alive,2002,201,2043,240
20200522 NC1_2e6_2.tif,2080,1544,Alive,1732,436,1777,475
20200522 NC1_2e6_2.tif,2080,1544,Alive,1785,801,1822,838
20200522 NC1_2e6_2.tif,2080,1544,Alive,1895,814,1938,855
20200522 NC1_2e6_2.tif,2080,1544,Alive,1578,1020,1619,1070
20200522 NC1_2e6_2.tif,2080,1544,Alive,1319,964,1356,1001
20200522 NC1_2e6_2.tif,2080,1544,Alive,1002,1157,1038,1189
20200522 NC1_2e6_2.tif,2080,1544,Alive,660,706,697,740
20200522 NC1_2e6_2.tif,2080,1544,Alive,448,838,485,875
20200522 NC1_2e6_2.tif,2080,1544,Alive,368,972,410,1014
20200522 NC1_2e6_2.tif,2080,1544,Alive,75,975,121,1021
20200522 NC1_2e6_2.tif,2080,1544,Alive,607,1026,648,1055
20200522 NC1_2e6_2.tif,2080,1544,Alive,1256,1211,1299,1260
20200522 NC1_2e6_2.tif,2080,1544,Alive,1239,1320,1280,1362
20200522 NC1_2e6_2.tif,2080,1544,Alive,1643,381,1683,423
20200522 NC1_2e6_2.tif,2080,1544,Alive,1980,1257,2014,1301
20200522 NC1_2e6_2.tif,2080,1544,Alive,1361,921,1399,953
20200522 NC1_2e6_2.tif,2080,1544,Alive,724,884,754,916
20200522 NC1_2e6_2.tif,2080,1544,Alive,583,1131,632,1177
20200522 NC1_2e6_2.tif,2080,1544,Alive,66,640,107,686
20200522 NC1_2e6_2.tif,2080,1544,Alive,48,1231,87,1269
20200522 NC1_2e6_2.tif,2080,1544,Alive,12,1247,48,1286
20200522 NC1_2e6_2.tif,2080,1544,Alive,917,1270,965,1323
20200522 NC1_2e6_2.tif,2080,1544,Alive,756,1352,804,1392
20200522 NC1_2e6_2.tif,2080,1544,Alive,729,1409,771,1448
20200522 NC1_2e6_2.tif,2080,1544,Alive,554,203,595,243
20200522 NC1_2e6_2.tif,2080,1544,Alive,451,79,485,120
20200522 NC1_2e6_2.tif,2080,1544,Alive,1449,742,1487,775
20200522 NC1_2e6_2.tif,2080,1544,Alive,1427,1409,1471,1462
20200522 NC1_2e6_2.tif,2080,1544,Alive,1700,165,1741,203
20200522 NC1_2e6_2.tif,2080,1544,Dead,68,791,110,835
20200522 NC1_2e6_2.tif,2080,1544,Dead,1985,492,2017,538
20200522 NC1_2e6_2.tif,2080,1544,Dead,599,1203,632,1247
20200522 NC1_2e6_2.tif,2080,1544,Dead,115,1111,149,1140
20200522 NC1_2e6_2.tif,2080,1544,Dead,321,964,360,992
20200522 NC1_2e6_2.tif,2080,1544,Dead,1773,403,1807,435
20200522 NC1_2e6_2.tif,2080,1544,Alive,1441,394,1485,438
20200522 NC1_2e6_2.tif,2080,1544,Alive,1090,477,1132,523
20200522 NC1_2e6_2.tif,2080,1544,Alive,712,572,763,611
20200522 NC1_2e6_2.tif,2080,1544,Alive,834,953,873,999
20200522 NC1_2e6_2.tif,2080,1544,Alive,578,311,621,338
20200522 NC1_2e6_2.tif,2080,1544,Alive,202,321,243,362
20200522 NC1_2e6_2.tif,2080,1544,Alive,209,181,256,243
20200522 NC1_2e6_2.tif,2080,1544,Alive,19,113,71,158
20200522 NC1_2e6_2.tif,2080,1544,Alive,412,1396,451,1443
20200522 NC1_2e6_2.tif,2080,1544,Alive,641,1465,687,1492
20200522 NC1_2e6_2.tif,2080,1544,Alive,1105,1186,1146,1238
20200522 NC1_2e6_2.tif,2080,1544,Alive,1363,128,1410,192
20200522 NC1_2e6_2.tif,2080,1544,Alive,1624,496,1663,545
20200522 NC1_2e6_2.tif,2080,1544,Alive,1802,357,1834,396
20200522 NC1_2e6_2.tif,2080,1544,Alive,2032,747,2065,792
20200522 NC1_2e6_2.tif,2080,1544,Alive,765,989,797,1021
20200522 NC1_2e6_2.tif,2080,1544,Alive,2041,1194,2073,1247
20200522 NC1_2e6_2.tif,2080,1544,Dead,514,923,549,958
20200522 NC1_2e6_2.tif,2080,1544,Dead,597,803,648,852
20200522 NC1_2e6_2.tif,2080,1544,Alive,1682,1274,1721,1320
20200622 NC_1.tif,2080,1544,Dead,941,989,960,1014
20200622 NC_1.tif,2080,1544,Dead,1512,1131,1536,1152
20200622 NC_1.tif,2080,1544,Dead,1585,836,1607,864
20200622 NC_1.tif,2080,1544,Dead,1271,653,1290,674
20200622 NC_1.tif,2080,1544,Dead,1292,950,1312,972
20200622 NC_1.tif,2080,1544,Dead,988,428,1012,450
20200622 NC_1.tif,2080,1544,Dead,1487,23,1507,42
20200622 NC_1.tif,2080,1544,Dead,612,809,639,833
20200622 NC_1.tif,2080,1544,Dead,1673,920,1697,940
20200622 NC_1.tif,2080,1544,Dead,1924,1279,1954,1303
20200622 NC_1.tif,2080,1544,Dead,1721,1435,1743,1460
20200622 NC_1.tif,2080,1544,Dead,1760,426,1775,448
20200622 NC_1.tif,2080,1544,Dead,1410,384,1429,401
20200622 NC_1.tif,2080,1544,Dead,817,1157,839,1175
20200622 NC_1.tif,2080,1544,Alive,936,475,958,501
20200622 NC_1.tif,2080,1544,Alive,985,604,1005,623
20200622 NC_1.tif,2080,1544,Alive,492,709,510,731
20200622 NC_1.tif,2080,1544,Alive,436,611,461,636
20200622 NC_1.tif,2080,1544,Alive,88,574,112,601
20200622 NC_1.tif,2080,1544,Alive,614,331,634,353
20200622 NC_1.tif,2080,1544,Alive,468,364,493,387
20200622 NC_1.tif,2080,1544,Alive,595,708,617,730
20200622 NC_1.tif,2080,1544,Alive,353,635,371,660
20200622 NC_1.tif,2080,1544,Alive,293,716,312,735
20200622 NC_1.tif,2080,1544,Alive,200,692,226,716
20200622 NC_1.tif,2080,1544,Alive,839,792,868,813
20200622 NC_1.tif,2080,1544,Alive,1204,79,1234,106
20200622 NC_1.tif,2080,1544,Alive,885,330,910,357
20200622 NC_1.tif,2080,1544,Alive,831,177,856,197
20200622 NC_1.tif,2080,1544,Alive,466,131,488,152
20200622 NC_1.tif,2080,1544,Alive,538,1338,568,1365
20200622 NC_1.tif,2080,1544,Alive,871,1092,895,1116
20200622 NC_1.tif,2080,1544,Alive,339,1245,366,1265
20200622 NC_1.tif,2080,1544,Alive,114,1328,138,1347
20200622 NC_1.tif,2080,1544,Alive,1587,94,1609,120
20200622 NC_1.tif,2080,1544,Alive,1738,36,1766,60
20200622 NC_1.tif,2080,1544,Alive,1885,125,1905,148
20200622 NC_1.tif,2080,1544,Alive,1777,591,1800,616
20200622 NC_1.tif,2080,1544,Alive,1687,838,1710,862
20200622 NC_1.tif,2080,1544,Alive,1958,906,1985,928
20200622 NC_1.tif,2080,1544,Alive,1814,1040,1836,1065
20200622 NC_1.tif,2080,1544,Alive,1790,1069,1821,1092
20200622 NC_1.tif,2080,1544,Alive,1558,1318,1583,1345
20200622 NC_1.tif,2080,1544,Alive,1170,857,1195,875
20200622 NC_1.tif,2080,1544,Alive,1309,697,1331,720
20200622 NC_1.tif,2080,1544,Alive,583,760,605,786
20200622 NC_1.tif,2080,1544,Alive,782,428,800,448
20200622 NC_1.tif,2080,1544,Alive,243,560,261,582
20200622 NC_1.tif,2080,1544,Alive,400,248,421,274
20200622 NC_1.tif,2080,1544,Alive,1571,275,1588,303
20200622 NC_1.tif,2080,1544,Alive,1353,464,1375,484
20200622 NC_1.tif,2080,1544,Alive,1258,526,1282,550
20200622 NC_1.tif,2080,1544,Alive,1443,528,1465,545
20200622 NC_1.tif,2080,1544,Alive,1600,592,1624,616
20200622 NC_1.tif,2080,1544,Alive,1207,843,1232,860
20200622 NC_1.tif,2080,1544,Alive,805,989,822,1014
20200622 NC_1.tif,2080,1544,Alive,300,845,324,875
20200622 NC_1.tif,2080,1544,Alive,183,1179,212,1201
20200622 NC_1.tif,2080,1544,Alive,107,1260,131,1282
20200622 NC_1.tif,2080,1544,Alive,460,1326,485,1360
20200622 NC_1.tif,2080,1544,Alive,715,1303,743,1330
20200622 NC_1.tif,2080,1544,Alive,680,540,700,564
20200622 NC_1.tif,2080,1544,Alive,551,645,578,665
20200622 NC_1.tif,2080,1544,Alive,478,408,495,428
20200622 NC_1.tif,2080,1544,Alive,246,455,266,479
20200622 NC_1.tif,2080,1544,Alive,77,387,95,411
20200622 NC_1.tif,2080,1544,Alive,710,272,736,294
20200622 NC_1.tif,2080,1544,Alive,1714,269,1741,296
20200622 NC_1.tif,2080,1544,Alive,1495,867,1519,892
20200622 NC_1.tif,2080,1544,Alive,1343,1004,1370,1033
20200622 NC_1.tif,2080,1544,Alive,1204,1211,1224,1235
20200622 NC_1.tif,2080,1544,Alive,1027,1304,1044,1336
20200622 NC_1.tif,2080,1544,Alive,977,1162,1000,1189
20200622 NC_1.tif,2080,1544,Alive,1273,1375,1297,1403
20200622 NC_1.tif,2080,1544,Alive,793,570,815,592
20200622 NC_1.tif,2080,1544,Alive,1182,470,1207,492
20200622 NC_1.tif,2080,1544,Alive,1339,608,1365,628
20200622 NC_1.tif,2080,1544,Alive,1210,642,1232,665
20200622 NC_1.tif,2080,1544,Alive,1073,852,1097,877
20200622 NC_1.tif,2080,1544,Alive,870,977,897,1004
20200622 NC_1.tif,2080,1544,Alive,1344,877,1366,899
20200622 NC_1.tif,2080,1544,Alive,985,1086,1009,1106
20200622 NC_1.tif,2080,1544,Alive,1588,711,1619,733
20200622 NC_1.tif,2080,1544,Alive,1468,275,1488,296
20200622 NC_1.tif,2080,1544,Alive,1453,997,1470,1021
20200622 NC_1.tif,2080,1544,Alive,1485,1003,1505,1031
20200622 NC_1.tif,2080,1544,Alive,1132,1236,1153,1267
20200622 NC_1.tif,2080,1544,Alive,1080,1264,1100,1282
20200622 NC_1.tif,2080,1544,Alive,651,711,671,740
20200622 NC_1.tif,2080,1544,Alive,358,831,375,852
20200622 NC_1.tif,2080,1544,Alive,204,858,226,887
20200622 NC_1.tif,2080,1544,Alive,148,1075,175,1099
20200622 NC_1.tif,2080,1544,Alive,258,1036,282,1053
20200622 NC_1.tif,2080,1544,Alive,1144,1016,1161,1038
20200622 NC_1.tif,2080,1544,Alive,1129,914,1151,936
20200622 NC_1.tif,2080,1544,Alive,1141,701,1161,728
20200622 NC_1.tif,2080,1544,Alive,1048,155,1071,179
20200622 NC_1.tif,2080,1544,Alive,658,413,675,436
20200622 NC_1.tif,2080,1544,Alive,375,57,399,79
20200622 NC_1.tif,2080,1544,Alive,165,218,185,243
20200622 NC_1.tif,2080,1544,Alive,68,335,93,357
20200622 NC_1.tif,2080,1544,Alive,290,596,309,621
20200622 NC_1.tif,2080,1544,Alive,519,887,541,909
20200622 NC_1.tif,2080,1544,Alive,558,1269,583,1291
20200622 NC_1.tif,2080,1544,Alive,692,1077,715,1103
20200622 NC_1.tif,2080,1544,Alive,1246,445,1265,469
20200622 NC_1.tif,2080,1544,Alive,1263,292,1278,314
20200622 NC_1.tif,2080,1544,Alive,1485,118,1505,140
20200622 NC_1.tif,2080,1544,Alive,1515,455,1536,475
20200622 NC_1.tif,2080,1544,Alive,1532,336,1554,358
20200622 NC_1.tif,2080,1544,Alive,1102,775,1122,801
20200622 NC_1.tif,2080,1544,Alive,1388,1199,1414,1221
20200622 NC_1.tif,2080,1544,Alive,1429,1291,1453,1313
20200622 NC_1.tif,2080,1544,Alive,678,1438,700,1467
20200622 NC_1.tif,2080,1544,Alive,1166,1352,1192,1375
20200622 NC_1.tif,2080,1544,Alive,1061,1369,1083,1396
20200622 NC_1.tif,2080,1544,Alive,1010,355,1031,372
20200622 NC_1.tif,2080,1544,Alive,636,182,653,206
20200622 NC_1.tif,2080,1544,Alive,922,547,944,572
20200622 NC_1.tif,2080,1544,Alive,736,730,756,748
20200622 NC_1.tif,2080,1544,Alive,653,791,671,808
20200622 NC_1.tif,2080,1544,Alive,1134,387,1151,408
20200622 NC_1.tif,2080,1544,Alive,1015,243,1039,258
20200622 NC_1.tif,2080,1544,Alive,954,138,980,160
20200622 NC_1.tif,2080,1544,Alive,1585,184,1605,206
20200622 NC_1.tif,2080,1544,Alive,1731,1079,1756,1104
20200622 NC_1.tif,2080,1544,Alive,1870,1062,1888,1084
20200622 NC_1.tif,2080,1544,Alive,1593,1450,1617,1470
20200622 NC_1.tif,2080,1544,Alive,1266,1297,1290,1316
20200622 NC_1.tif,2080,1544,Alive,753,1130,777,1160
20200622 NC_1.tif,2080,1544,Alive,693,108,717,142
20200622 NC_1.tif,2080,1544,Alive,429,670,453,686
20200622 NC_1.tif,2080,1544,Alive,505,204,524,230
20200622 NC_1.tif,2080,1544,Alive,1399,596,1422,621
20200622 NC_1.tif,2080,1544,Alive,1288,782,1309,799
20200622 NC_1.tif,2080,1544,Alive,1187,911,1210,931
20200622 NC_1.tif,2080,1544,Alive,749,635,778,653
20200622 NC_1.tif,2080,1544,Alive,597,535,614,547
20200622 NC_1.tif,2080,1544,Alive,300,196,327,216
20200622 NC_1.tif,2080,1544,Alive,39,743,68,758
20200622 NC_1.tif,2080,1544,Alive,51,796,65,813
20200622 NC_1.tif,2080,1544,Alive,385,697,415,718
20200622 NC_1.tif,2080,1544,Alive,461,1031,478,1062
20200622 NC_1.tif,2080,1544,Alive,526,1187,551,1220
20200622 NC_1.tif,2080,1544,Alive,182,1286,207,1316
20200622 NC_1.tif,2080,1544,Alive,1375,669,1400,701
20200622 NC_1.tif,2080,1544,Alive,1543,565,1558,594
20200622 NC_1.tif,2080,1544,Alive,1665,294,1682,326
20200622 NC_1.tif,2080,1544,Alive,1719,111,1738,152
20200622 NC_1.tif,2080,1544,Alive,1585,36,1605,60
20200622 NC_1.tif,2080,1544,Alive,1085,523,1112,543
20200622 NC_1.tif,2080,1544,Alive,758,899,782,923
20200622 NC_1.tif,2080,1544,Alive,1336,514,1354,540
20200622 NC_1.tif,2080,1544,Alive,1753,481,1780,503
20200622 NC_1.tif,2080,1544,Alive,1593,511,1617,535
20200622 NC_1.tif,2080,1544,Alive,1478,521,1504,538
20200622 NC_1.tif,2080,1544,Alive,1848,367,1860,391
20200622 NC_1.tif,2080,1544,Alive,1780,826,1802,843
20200622 NC_1.tif,2080,1544,Alive,1849,679,1870,703
20200622 NC_1.tif,2080,1544,Alive,1907,696,1934,723
20200622 NC_1.tif,2080,1544,Alive,2048,925,2070,957
20200622 NC_1.tif,2080,1544,Alive,1444,1228,1470,1242
20200622 NC_1.tif,2080,1544,Alive,1338,1292,1360,1313
20200622 NC_1.tif,2080,1544,Alive,1297,1430,1321,1457
20200622 NC_1.tif,2080,1544,Alive,912,1430,938,1457
20200622 NC_1.tif,2080,1544,Alive,795,1452,819,1475
20200622 NC_1.tif,2080,1544,Alive,639,1342,663,1362
20200622 NC_1.tif,2080,1544,Alive,1760,1179,1778,1211
